{
    "RF": {
        "Accuracy": [
            0.8485912284032656
        ],
        "Recall": [
            0.8105491990846682
        ],
        "Precision": [
            0.882018260356902
        ],
        "F1": [
            0.8412312388783187
        ],
        "AUC": [
            0.9335657811826351
        ]
    },
    "DC": {
        "Accuracy": [
            0.8402961837858365
        ],
        "Recall": [
            0.7276430205949656
        ],
        "Precision": [
            0.9420755115291468
        ],
        "F1": [
            0.8185513225448627
        ],
        "AUC": [
            0.8634761383610255
        ]
    },
    "CoF_CLT": {
        "Accuracy": [
            0.8477140687298272
        ],
        "Recall": [
            0.8183752860411898
        ],
        "Precision": [
            0.8746748913181598
        ],
        "F1": [
            0.8417493464824808
        ],
        "AUC": [
            0.8789442178224389
        ]
    },
    "CoF_PL": {
        "Accuracy": [
            0.8568843744066831
        ],
        "Recall": [
            0.8296720061022119
        ],
        "Precision": [
            0.8826805952890855
        ],
        "F1": [
            0.8522019655438193
        ],
        "AUC": [
            0.9085659801678106
        ]
    },
    "TT": {
        "Accuracy": [
            0.8525232580216443
        ],
        "Recall": [
            0.7869107551487414
        ],
        "Precision": [
            0.9083318660143979
        ],
        "F1": [
            0.8411659594136885
        ],
        "AUC": [
            0.9184938812058501
        ]
    }
}