{
  "0": [
    37,
    0.03451492537313433,
    26,
    0.024253731343283583,
    28,
    0.026119402985074626,
    31,
    0.028917910447761194,
    26,
    0.024253731343283583,
    30,
    0.027985074626865673,
    28,
    0.026119402985074626,
    26,
    0.024253731343283583,
    23,
    0.021455223880597014,
    23,
    0.021455223880597014,
    32,
    0.029850746268656716,
    22,
    0.020522388059701493,
    21,
    0.01958955223880597,
    25,
    0.02332089552238806,
    24,
    0.022388059701492536,
    27,
    0.025186567164179104,
    26,
    0.024253731343283583,
    26,
    0.024253731343283583,
    24,
    0.022388059701492536,
    35,
    0.03264925373134328,
    23,
    0.021455223880597014,
    37,
    0.03451492537313433,
    15,
    0.013992537313432836,
    24,
    0.022388059701492536,
    27,
    0.025186567164179104,
    27,
    0.025186567164179104,
    21,
    0.01958955223880597,
    29,
    0.027052238805970148,
    30,
    0.027985074626865673,
    25,
    0.02332089552238806,
    25,
    0.02332089552238806,
    38,
    0.03544776119402985,
    29,
    0.027052238805970148,
    21,
    0.01958955223880597,
    27,
    0.025186567164179104,
    18,
    0.016791044776119403,
    31,
    0.028917910447761194,
    30,
    0.027985074626865673,
    25,
    0.02332089552238806,
    30,
    0.027985074626865673
  ],
  "-1": [
    32,
    0.029850746268656716,
    38,
    0.03544776119402985,
    20,
    0.018656716417910446,
    26,
    0.024253731343283583,
    24,
    0.022388059701492536,
    22,
    0.020522388059701493,
    27,
    0.025186567164179104,
    18,
    0.016791044776119403,
    29,
    0.027052238805970148,
    29,
    0.027052238805970148,
    26,
    0.024253731343283583,
    25,
    0.02332089552238806,
    23,
    0.021455223880597014,
    29,
    0.027052238805970148,
    23,
    0.021455223880597014,
    25,
    0.02332089552238806,
    26,
    0.024253731343283583,
    26,
    0.024253731343283583,
    28,
    0.026119402985074626,
    27,
    0.025186567164179104,
    22,
    0.020522388059701493,
    30,
    0.027985074626865673,
    29,
    0.027052238805970148,
    22,
    0.020522388059701493,
    25,
    0.02332089552238806,
    28,
    0.026119402985074626,
    27,
    0.025186567164179104,
    27,
    0.025186567164179104,
    30,
    0.027985074626865673,
    27,
    0.025186567164179104,
    29,
    0.027052238805970148,
    29,
    0.027052238805970148,
    36,
    0.033582089552238806,
    20,
    0.018656716417910446,
    24,
    0.022388059701492536,
    33,
    0.030783582089552237,
    23,
    0.021455223880597014,
    32,
    0.029850746268656716,
    36,
    0.033582089552238806,
    20,
    0.018656716417910446
  ],
  "-2": [
    35,
    0.03264925373134328,
    25,
    0.02332089552238806,
    25,
    0.02332089552238806,
    28,
    0.026119402985074626,
    19,
    0.017723880597014924,
    21,
    0.01958955223880597,
    32,
    0.029850746268656716,
    20,
    0.018656716417910446,
    25,
    0.02332089552238806,
    28,
    0.026119402985074626,
    25,
    0.02332089552238806,
    30,
    0.027985074626865673,
    27,
    0.025186567164179104,
    21,
    0.01958955223880597,
    33,
    0.030783582089552237,
    29,
    0.027052238805970148,
    22,
    0.020522388059701493,
    22,
    0.020522388059701493,
    26,
    0.024253731343283583,
    23,
    0.021455223880597014,
    30,
    0.027985074626865673,
    28,
    0.026119402985074626,
    24,
    0.022388059701492536,
    30,
    0.027985074626865673,
    23,
    0.021455223880597014,
    32,
    0.029850746268656716,
    25,
    0.02332089552238806,
    25,
    0.02332089552238806,
    29,
    0.027052238805970148,
    26,
    0.024253731343283583,
    24,
    0.022388059701492536,
    31,
    0.028917910447761194,
    25,
    0.02332089552238806,
    25,
    0.02332089552238806,
    34,
    0.03171641791044776,
    31,
    0.028917910447761194,
    32,
    0.029850746268656716,
    32,
    0.029850746268656716,
    23,
    0.021455223880597014,
    27,
    0.025186567164179104
  ]
}
