{
  "0": [
    36,
    0.03361344537815126,
    26,
    0.02427637721755369,
    28,
    0.026143790849673203,
    31,
    0.028944911297852476,
    26,
    0.02427637721755369,
    30,
    0.028011204481792718,
    28,
    0.026143790849673203,
    26,
    0.02427637721755369,
    23,
    0.021475256769374416,
    23,
    0.021475256769374416,
    32,
    0.029878618113912233,
    22,
    0.02054154995331466,
    21,
    0.0196078431372549,
    25,
    0.02334267040149393,
    24,
    0.022408963585434174,
    27,
    0.025210084033613446,
    26,
    0.02427637721755369,
    26,
    0.02427637721755369,
    24,
    0.022408963585434174,
    35,
    0.032679738562091505,
    23,
    0.021475256769374416,
    37,
    0.03454715219421102,
    15,
    0.014005602240896359,
    24,
    0.022408963585434174,
    27,
    0.025210084033613446,
    27,
    0.025210084033613446,
    21,
    0.0196078431372549,
    29,
    0.02707749766573296,
    30,
    0.028011204481792718,
    25,
    0.02334267040149393,
    25,
    0.02334267040149393,
    38,
    0.035480859010270774,
    29,
    0.02707749766573296,
    21,
    0.0196078431372549,
    27,
    0.025210084033613446,
    18,
    0.01680672268907563,
    31,
    0.028944911297852476,
    30,
    0.028011204481792718,
    25,
    0.02334267040149393,
    30,
    0.028011204481792718
  ],
  "-1": [
    31,
    0.028944911297852476,
    38,
    0.035480859010270774,
    20,
    0.018674136321195144,
    26,
    0.02427637721755369,
    24,
    0.022408963585434174,
    22,
    0.02054154995331466,
    27,
    0.025210084033613446,
    18,
    0.01680672268907563,
    29,
    0.02707749766573296,
    29,
    0.02707749766573296,
    26,
    0.02427637721755369,
    25,
    0.02334267040149393,
    23,
    0.021475256769374416,
    29,
    0.02707749766573296,
    23,
    0.021475256769374416,
    25,
    0.02334267040149393,
    26,
    0.02427637721755369,
    26,
    0.02427637721755369,
    28,
    0.026143790849673203,
    27,
    0.025210084033613446,
    22,
    0.02054154995331466,
    30,
    0.028011204481792718,
    29,
    0.02707749766573296,
    22,
    0.02054154995331466,
    25,
    0.02334267040149393,
    28,
    0.026143790849673203,
    27,
    0.025210084033613446,
    27,
    0.025210084033613446,
    30,
    0.028011204481792718,
    27,
    0.025210084033613446,
    29,
    0.02707749766573296,
    29,
    0.02707749766573296,
    36,
    0.03361344537815126,
    20,
    0.018674136321195144,
    24,
    0.022408963585434174,
    33,
    0.03081232492997199,
    23,
    0.021475256769374416,
    32,
    0.029878618113912233,
    36,
    0.03361344537815126,
    20,
    0.018674136321195144
  ],
  "-2": [
    34,
    0.031746031746031744,
    25,
    0.02334267040149393,
    25,
    0.02334267040149393,
    28,
    0.026143790849673203,
    19,
    0.017740429505135387,
    21,
    0.0196078431372549,
    32,
    0.029878618113912233,
    20,
    0.018674136321195144,
    25,
    0.02334267040149393,
    28,
    0.026143790849673203,
    25,
    0.02334267040149393,
    30,
    0.028011204481792718,
    27,
    0.025210084033613446,
    21,
    0.0196078431372549,
    33,
    0.03081232492997199,
    29,
    0.02707749766573296,
    22,
    0.02054154995331466,
    22,
    0.02054154995331466,
    26,
    0.02427637721755369,
    23,
    0.021475256769374416,
    30,
    0.028011204481792718,
    28,
    0.026143790849673203,
    24,
    0.022408963585434174,
    30,
    0.028011204481792718,
    23,
    0.021475256769374416,
    32,
    0.029878618113912233,
    25,
    0.02334267040149393,
    25,
    0.02334267040149393,
    29,
    0.02707749766573296,
    26,
    0.02427637721755369,
    24,
    0.022408963585434174,
    31,
    0.028944911297852476,
    25,
    0.02334267040149393,
    25,
    0.02334267040149393,
    34,
    0.031746031746031744,
    31,
    0.028944911297852476,
    32,
    0.029878618113912233,
    32,
    0.029878618113912233,
    23,
    0.021475256769374416,
    27,
    0.025210084033613446
  ]
}
