{
  "0": [
    5,
    0.35714285714285715,
    0,
    0.0,
    1,
    0.07142857142857142,
    0,
    0.0,
    0,
    0.0,
    0,
    0.0,
    0,
    0.0,
    0,
    0.0,
    0,
    0.0,
    1,
    0.07142857142857142,
    0,
    0.0,
    0,
    0.0,
    0,
    0.0,
    0,
    0.0,
    0,
    0.0,
    0,
    0.0,
    0,
    0.0,
    0,
    0.0,
    1,
    0.07142857142857142,
    0,
    0.0,
    1,
    0.07142857142857142,
    0,
    0.0,
    0,
    0.0,
    0,
    0.0,
    0,
    0.0,
    0,
    0.0,
    1,
    0.07142857142857142,
    0,
    0.0,
    1,
    0.07142857142857142,
    0,
    0.0,
    0,
    0.0,
    0,
    0.0,
    0,
    0.0,
    0,
    0.0,
    1,
    0.07142857142857142,
    0,
    0.0,
    0,
    0.0,
    0,
    0.0,
    1,
    0.07142857142857142,
    1,
    0.07142857142857142
  ],
  "-1": [
    4,
    0.2857142857142857,
    0,
    0.0,
    0,
    0.0,
    1,
    0.07142857142857142,
    0,
    0.0,
    0,
    0.0,
    0,
    0.0,
    0,
    0.0,
    0,
    0.0,
    1,
    0.07142857142857142,
    0,
    0.0,
    0,
    0.0,
    0,
    0.0,
    0,
    0.0,
    0,
    0.0,
    0,
    0.0,
    0,
    0.0,
    0,
    0.0,
    0,
    0.0,
    0,
    0.0,
    1,
    0.07142857142857142,
    2,
    0.14285714285714285,
    0,
    0.0,
    0,
    0.0,
    0,
    0.0,
    0,
    0.0,
    0,
    0.0,
    1,
    0.07142857142857142,
    0,
    0.0,
    1,
    0.07142857142857142,
    1,
    0.07142857142857142,
    0,
    0.0,
    0,
    0.0,
    0,
    0.0,
    0,
    0.0,
    0,
    0.0,
    2,
    0.14285714285714285,
    0,
    0.0,
    0,
    0.0,
    0,
    0.0
  ],
  "-2": [
    4,
    0.2857142857142857,
    0,
    0.0,
    1,
    0.07142857142857142,
    0,
    0.0,
    0,
    0.0,
    0,
    0.0,
    1,
    0.07142857142857142,
    1,
    0.07142857142857142,
    0,
    0.0,
    0,
    0.0,
    0,
    0.0,
    0,
    0.0,
    0,
    0.0,
    0,
    0.0,
    0,
    0.0,
    0,
    0.0,
    0,
    0.0,
    0,
    0.0,
    0,
    0.0,
    0,
    0.0,
    0,
    0.0,
    0,
    0.0,
    0,
    0.0,
    0,
    0.0,
    1,
    0.07142857142857142,
    0,
    0.0,
    0,
    0.0,
    1,
    0.07142857142857142,
    0,
    0.0,
    1,
    0.07142857142857142,
    1,
    0.07142857142857142,
    0,
    0.0,
    0,
    0.0,
    0,
    0.0,
    0,
    0.0,
    0,
    0.0,
    1,
    0.07142857142857142,
    1,
    0.07142857142857142,
    1,
    0.07142857142857142,
    0,
    0.0
  ]
}
