{
  "0": [
    44,
    0.2716049382716049,
    10,
    0.06172839506172839,
    12,
    0.07407407407407407,
    3,
    0.018518518518518517,
    1,
    0.006172839506172839,
    3,
    0.018518518518518517,
    1,
    0.006172839506172839,
    3,
    0.018518518518518517,
    6,
    0.037037037037037035,
    3,
    0.018518518518518517,
    0,
    0.0,
    1,
    0.006172839506172839,
    2,
    0.012345679012345678,
    2,
    0.012345679012345678,
    2,
    0.012345679012345678,
    2,
    0.012345679012345678,
    1,
    0.006172839506172839,
    4,
    0.024691358024691357,
    0,
    0.0,
    4,
    0.024691358024691357,
    5,
    0.030864197530864196,
    3,
    0.018518518518518517,
    3,
    0.018518518518518517,
    4,
    0.024691358024691357,
    0,
    0.0,
    1,
    0.006172839506172839,
    5,
    0.030864197530864196,
    1,
    0.006172839506172839,
    3,
    0.018518518518518517,
    3,
    0.018518518518518517,
    2,
    0.012345679012345678,
    6,
    0.037037037037037035,
    0,
    0.0,
    3,
    0.018518518518518517,
    5,
    0.030864197530864196,
    2,
    0.012345679012345678,
    3,
    0.018518518518518517,
    4,
    0.024691358024691357,
    2,
    0.012345679012345678,
    3,
    0.018518518518518517
  ],
  "-1": [
    41,
    0.25308641975308643,
    10,
    0.06172839506172839,
    11,
    0.06790123456790123,
    3,
    0.018518518518518517,
    2,
    0.012345679012345678,
    5,
    0.030864197530864196,
    4,
    0.024691358024691357,
    2,
    0.012345679012345678,
    2,
    0.012345679012345678,
    5,
    0.030864197530864196,
    3,
    0.018518518518518517,
    2,
    0.012345679012345678,
    1,
    0.006172839506172839,
    3,
    0.018518518518518517,
    0,
    0.0,
    2,
    0.012345679012345678,
    5,
    0.030864197530864196,
    5,
    0.030864197530864196,
    4,
    0.024691358024691357,
    1,
    0.006172839506172839,
    2,
    0.012345679012345678,
    1,
    0.006172839506172839,
    2,
    0.012345679012345678,
    2,
    0.012345679012345678,
    2,
    0.012345679012345678,
    0,
    0.0,
    3,
    0.018518518518518517,
    2,
    0.012345679012345678,
    1,
    0.006172839506172839,
    2,
    0.012345679012345678,
    2,
    0.012345679012345678,
    1,
    0.006172839506172839,
    7,
    0.043209876543209874,
    1,
    0.006172839506172839,
    5,
    0.030864197530864196,
    3,
    0.018518518518518517,
    2,
    0.012345679012345678,
    4,
    0.024691358024691357,
    6,
    0.037037037037037035,
    3,
    0.018518518518518517
  ],
  "-2": [
    38,
    0.2345679012345679,
    10,
    0.06172839506172839,
    12,
    0.07407407407407407,
    7,
    0.043209876543209874,
    1,
    0.006172839506172839,
    3,
    0.018518518518518517,
    6,
    0.037037037037037035,
    1,
    0.006172839506172839,
    3,
    0.018518518518518517,
    2,
    0.012345679012345678,
    3,
    0.018518518518518517,
    6,
    0.037037037037037035,
    2,
    0.012345679012345678,
    3,
    0.018518518518518517,
    4,
    0.024691358024691357,
    3,
    0.018518518518518517,
    1,
    0.006172839506172839,
    1,
    0.006172839506172839,
    2,
    0.012345679012345678,
    0,
    0.0,
    2,
    0.012345679012345678,
    5,
    0.030864197530864196,
    2,
    0.012345679012345678,
    4,
    0.024691358024691357,
    4,
    0.024691358024691357,
    4,
    0.024691358024691357,
    2,
    0.012345679012345678,
    4,
    0.024691358024691357,
    1,
    0.006172839506172839,
    2,
    0.012345679012345678,
    3,
    0.018518518518518517,
    3,
    0.018518518518518517,
    2,
    0.012345679012345678,
    3,
    0.018518518518518517,
    1,
    0.006172839506172839,
    2,
    0.012345679012345678,
    1,
    0.006172839506172839,
    2,
    0.012345679012345678,
    1,
    0.006172839506172839,
    6,
    0.037037037037037035
  ]
}
