{
  "1": [
    3,
    0.13636363636363635,
    13,
    0.5909090909090909,
    6,
    0.2727272727272727,
    0,
    0.0,
    0,
    0.0,
    0,
    0.0,
    0,
    0.0,
    0,
    0.0,
    0,
    0.0,
    0,
    0.0,
    0,
    0.0,
    0,
    0.0,
    0,
    0.0,
    0,
    0.0,
    0,
    0.0,
    0,
    0.0,
    0,
    0.0,
    0,
    0.0,
    0,
    0.0,
    0,
    0.0,
    0,
    0.0,
    0,
    0.0,
    0,
    0.0,
    0,
    0.0,
    0,
    0.0,
    0,
    0.0,
    0,
    0.0,
    0,
    0.0,
    0,
    0.0,
    0,
    0.0,
    0,
    0.0,
    0,
    0.0,
    0,
    0.0,
    0,
    0.0,
    0,
    0.0,
    0,
    0.0,
    0,
    0.0,
    0,
    0.0,
    0,
    0.0,
    0,
    0.0
  ],
  "2": [
    3,
    0.15,
    1,
    0.05,
    9,
    0.45,
    3,
    0.15,
    2,
    0.1,
    2,
    0.1,
    0,
    0.0,
    0,
    0.0,
    0,
    0.0,
    0,
    0.0,
    0,
    0.0,
    0,
    0.0,
    0,
    0.0,
    0,
    0.0,
    0,
    0.0,
    0,
    0.0,
    0,
    0.0,
    0,
    0.0,
    0,
    0.0,
    0,
    0.0,
    0,
    0.0,
    0,
    0.0,
    0,
    0.0,
    0,
    0.0,
    0,
    0.0,
    0,
    0.0,
    0,
    0.0,
    0,
    0.0,
    0,
    0.0,
    0,
    0.0,
    0,
    0.0,
    0,
    0.0,
    0,
    0.0,
    0,
    0.0,
    0,
    0.0,
    0,
    0.0,
    0,
    0.0,
    0,
    0.0,
    0,
    0.0,
    0,
    0.0
  ],
  "3": [
    3,
    0.09090909090909091,
    0,
    0.0,
    1,
    0.030303030303030304,
    0,
    0.0,
    5,
    0.15151515151515152,
    4,
    0.12121212121212122,
    1,
    0.030303030303030304,
    0,
    0.0,
    0,
    0.0,
    0,
    0.0,
    0,
    0.0,
    0,
    0.0,
    1,
    0.030303030303030304,
    1,
    0.030303030303030304,
    0,
    0.0,
    0,
    0.0,
    1,
    0.030303030303030304,
    1,
    0.030303030303030304,
    1,
    0.030303030303030304,
    1,
    0.030303030303030304,
    2,
    0.06060606060606061,
    1,
    0.030303030303030304,
    0,
    0.0,
    2,
    0.06060606060606061,
    1,
    0.030303030303030304,
    0,
    0.0,
    2,
    0.06060606060606061,
    0,
    0.0,
    0,
    0.0,
    2,
    0.06060606060606061,
    1,
    0.030303030303030304,
    0,
    0.0,
    1,
    0.030303030303030304,
    0,
    0.0,
    1,
    0.030303030303030304,
    0,
    0.0,
    0,
    0.0,
    0,
    0.0,
    0,
    0.0,
    0,
    0.0
  ],
  "4": [
    12,
    0.3157894736842105,
    18,
    0.47368421052631576,
    8,
    0.21052631578947367,
    0,
    0.0,
    0,
    0.0,
    0,
    0.0,
    0,
    0.0,
    0,
    0.0,
    0,
    0.0,
    0,
    0.0,
    0,
    0.0,
    0,
    0.0,
    0,
    0.0,
    0,
    0.0,
    0,
    0.0,
    0,
    0.0,
    0,
    0.0,
    0,
    0.0,
    0,
    0.0,
    0,
    0.0,
    0,
    0.0,
    0,
    0.0,
    0,
    0.0,
    0,
    0.0,
    0,
    0.0,
    0,
    0.0,
    0,
    0.0,
    0,
    0.0,
    0,
    0.0,
    0,
    0.0,
    0,
    0.0,
    0,
    0.0,
    0,
    0.0,
    0,
    0.0,
    0,
    0.0,
    0,
    0.0,
    0,
    0.0,
    0,
    0.0,
    0,
    0.0,
    0,
    0.0
  ],
  "5": [
    21,
    0.2413793103448276,
    20,
    0.22988505747126436,
    10,
    0.11494252873563218,
    13,
    0.14942528735632185,
    21,
    0.2413793103448276,
    1,
    0.011494252873563218,
    0,
    0.0,
    0,
    0.0,
    0,
    0.0,
    0,
    0.0,
    0,
    0.0,
    0,
    0.0,
    0,
    0.0,
    0,
    0.0,
    0,
    0.0,
    0,
    0.0,
    0,
    0.0,
    0,
    0.0,
    0,
    0.0,
    0,
    0.0,
    0,
    0.0,
    0,
    0.0,
    0,
    0.0,
    0,
    0.0,
    0,
    0.0,
    0,
    0.0,
    0,
    0.0,
    0,
    0.0,
    0,
    0.0,
    0,
    0.0,
    0,
    0.0,
    0,
    0.0,
    0,
    0.0,
    0,
    0.0,
    0,
    0.0,
    0,
    0.0,
    0,
    0.0,
    0,
    0.0,
    0,
    0.0,
    0,
    0.0
  ]
}
