{
  "6": [
    2,
    0.047619047619047616,
    2,
    0.047619047619047616,
    0,
    0.0,
    1,
    0.023809523809523808,
    7,
    0.16666666666666666,
    8,
    0.19047619047619047,
    1,
    0.023809523809523808,
    1,
    0.023809523809523808,
    2,
    0.047619047619047616,
    2,
    0.047619047619047616,
    0,
    0.0,
    0,
    0.0,
    1,
    0.023809523809523808,
    5,
    0.11904761904761904,
    5,
    0.11904761904761904,
    3,
    0.07142857142857142,
    2,
    0.047619047619047616,
    0,
    0.0,
    0,
    0.0,
    0,
    0.0,
    0,
    0.0,
    0,
    0.0,
    0,
    0.0,
    0,
    0.0,
    0,
    0.0,
    0,
    0.0,
    0,
    0.0,
    0,
    0.0,
    0,
    0.0,
    0,
    0.0,
    0,
    0.0,
    0,
    0.0,
    0,
    0.0,
    0,
    0.0,
    0,
    0.0,
    0,
    0.0,
    0,
    0.0,
    0,
    0.0,
    0,
    0.0,
    0,
    0.0
  ],
  "3": [
    3,
    0.09090909090909091,
    0,
    0.0,
    1,
    0.030303030303030304,
    0,
    0.0,
    5,
    0.15151515151515152,
    4,
    0.12121212121212122,
    1,
    0.030303030303030304,
    0,
    0.0,
    0,
    0.0,
    0,
    0.0,
    0,
    0.0,
    0,
    0.0,
    1,
    0.030303030303030304,
    1,
    0.030303030303030304,
    0,
    0.0,
    0,
    0.0,
    1,
    0.030303030303030304,
    1,
    0.030303030303030304,
    1,
    0.030303030303030304,
    1,
    0.030303030303030304,
    2,
    0.06060606060606061,
    1,
    0.030303030303030304,
    0,
    0.0,
    2,
    0.06060606060606061,
    1,
    0.030303030303030304,
    0,
    0.0,
    2,
    0.06060606060606061,
    0,
    0.0,
    0,
    0.0,
    2,
    0.06060606060606061,
    1,
    0.030303030303030304,
    0,
    0.0,
    1,
    0.030303030303030304,
    0,
    0.0,
    1,
    0.030303030303030304,
    0,
    0.0,
    0,
    0.0,
    0,
    0.0,
    0,
    0.0,
    0,
    0.0
  ],
  "5": [
    21,
    0.2413793103448276,
    21,
    0.2413793103448276,
    10,
    0.11494252873563218,
    13,
    0.14942528735632185,
    21,
    0.2413793103448276,
    1,
    0.011494252873563218,
    0,
    0.0,
    0,
    0.0,
    0,
    0.0,
    0,
    0.0,
    0,
    0.0,
    0,
    0.0,
    0,
    0.0,
    0,
    0.0,
    0,
    0.0,
    0,
    0.0,
    0,
    0.0,
    0,
    0.0,
    0,
    0.0,
    0,
    0.0,
    0,
    0.0,
    0,
    0.0,
    0,
    0.0,
    0,
    0.0,
    0,
    0.0,
    0,
    0.0,
    0,
    0.0,
    0,
    0.0,
    0,
    0.0,
    0,
    0.0,
    0,
    0.0,
    0,
    0.0,
    0,
    0.0,
    0,
    0.0,
    0,
    0.0,
    0,
    0.0,
    0,
    0.0,
    0,
    0.0,
    0,
    0.0,
    0,
    0.0
  ]
}
