{
  "0": [
    9,
    0.08256880733944955,
    3,
    0.027522935779816515,
    4,
    0.03669724770642202,
    6,
    0.05504587155963303,
    2,
    0.01834862385321101,
    5,
    0.045871559633027525,
    1,
    0.009174311926605505,
    3,
    0.027522935779816515,
    2,
    0.01834862385321101,
    1,
    0.009174311926605505,
    3,
    0.027522935779816515,
    1,
    0.009174311926605505,
    1,
    0.009174311926605505,
    2,
    0.01834862385321101,
    1,
    0.009174311926605505,
    4,
    0.03669724770642202,
    4,
    0.03669724770642202,
    2,
    0.01834862385321101,
    2,
    0.01834862385321101,
    4,
    0.03669724770642202,
    3,
    0.027522935779816515,
    3,
    0.027522935779816515,
    3,
    0.027522935779816515,
    4,
    0.03669724770642202,
    0,
    0.0,
    1,
    0.009174311926605505,
    3,
    0.027522935779816515,
    4,
    0.03669724770642202,
    4,
    0.03669724770642202,
    3,
    0.027522935779816515,
    0,
    0.0,
    3,
    0.027522935779816515,
    2,
    0.01834862385321101,
    3,
    0.027522935779816515,
    3,
    0.027522935779816515,
    0,
    0.0,
    1,
    0.009174311926605505,
    3,
    0.027522935779816515,
    3,
    0.027522935779816515,
    3,
    0.027522935779816515
  ],
  "-1": [
    6,
    0.05504587155963303,
    1,
    0.009174311926605505,
    2,
    0.01834862385321101,
    1,
    0.009174311926605505,
    1,
    0.009174311926605505,
    2,
    0.01834862385321101,
    3,
    0.027522935779816515,
    4,
    0.03669724770642202,
    2,
    0.01834862385321101,
    3,
    0.027522935779816515,
    3,
    0.027522935779816515,
    6,
    0.05504587155963303,
    5,
    0.045871559633027525,
    1,
    0.009174311926605505,
    1,
    0.009174311926605505,
    3,
    0.027522935779816515,
    4,
    0.03669724770642202,
    3,
    0.027522935779816515,
    2,
    0.01834862385321101,
    3,
    0.027522935779816515,
    4,
    0.03669724770642202,
    1,
    0.009174311926605505,
    2,
    0.01834862385321101,
    5,
    0.045871559633027525,
    0,
    0.0,
    2,
    0.01834862385321101,
    2,
    0.01834862385321101,
    2,
    0.01834862385321101,
    3,
    0.027522935779816515,
    2,
    0.01834862385321101,
    0,
    0.0,
    2,
    0.01834862385321101,
    2,
    0.01834862385321101,
    2,
    0.01834862385321101,
    1,
    0.009174311926605505,
    2,
    0.01834862385321101,
    8,
    0.07339449541284404,
    4,
    0.03669724770642202,
    5,
    0.045871559633027525,
    4,
    0.03669724770642202
  ],
  "-2": [
    6,
    0.05504587155963303,
    3,
    0.027522935779816515,
    1,
    0.009174311926605505,
    1,
    0.009174311926605505,
    0,
    0.0,
    4,
    0.03669724770642202,
    3,
    0.027522935779816515,
    5,
    0.045871559633027525,
    1,
    0.009174311926605505,
    4,
    0.03669724770642202,
    6,
    0.05504587155963303,
    0,
    0.0,
    3,
    0.027522935779816515,
    1,
    0.009174311926605505,
    2,
    0.01834862385321101,
    4,
    0.03669724770642202,
    3,
    0.027522935779816515,
    3,
    0.027522935779816515,
    0,
    0.0,
    3,
    0.027522935779816515,
    0,
    0.0,
    5,
    0.045871559633027525,
    3,
    0.027522935779816515,
    4,
    0.03669724770642202,
    4,
    0.03669724770642202,
    4,
    0.03669724770642202,
    3,
    0.027522935779816515,
    4,
    0.03669724770642202,
    4,
    0.03669724770642202,
    2,
    0.01834862385321101,
    3,
    0.027522935779816515,
    3,
    0.027522935779816515,
    0,
    0.0,
    2,
    0.01834862385321101,
    2,
    0.01834862385321101,
    2,
    0.01834862385321101,
    3,
    0.027522935779816515,
    4,
    0.03669724770642202,
    3,
    0.027522935779816515,
    1,
    0.009174311926605505
  ]
}
