{
    "RF": {
        "Accuracy": [
            0.7308107081830265
        ],
        "Recall": [
            0.6633638443935926
        ],
        "Precision": [
            0.7710241796590009
        ],
        "F1": [
            0.7086872796549628
        ],
        "AUC": [
            0.7986607634397904
        ]
    },
    "DC": {
        "Accuracy": [
            0.7347313461173345
        ],
        "Recall": [
            0.8568497330282228
        ],
        "Precision": [
            0.6958928610681527
        ],
        "F1": [
            0.7596436285664272
        ],
        "AUC": [
            0.7772622624614466
        ]
    },
    "CoF_CLT": {
        "Accuracy": [
            0.7281906208467819
        ],
        "Recall": [
            0.6844164759725401
        ],
        "Precision": [
            0.7589380063386504
        ],
        "F1": [
            0.7112169612523724
        ],
        "AUC": [
            0.7749588432328458
        ]
    },
    "CoF_PL": {
        "Accuracy": [
            0.7290677805202204
        ],
        "Recall": [
            0.7365903890160184
        ],
        "Precision": [
            0.7388557313863423
        ],
        "F1": [
            0.7250489280286194
        ],
        "AUC": [
            0.7999563227539548
        ]
    },
    "TT": {
        "Accuracy": [
            0.7399677235618001
        ],
        "Recall": [
            0.8107627765064835
        ],
        "Precision": [
            0.7197142974717251
        ],
        "F1": [
            0.7520834184038685
        ],
        "AUC": [
            0.7774300732928731
        ]
    }
}