{
    "RF": {
        "Accuracy": [
            0.8433434592747293,
            0.8485912284032656,
            0.8651737231820771,
            0.8608126067970382,
            0.8581697360926525,
            0.8612416935636986,
            0.867349534839567,
            0.8712872602999809,
            0.8782608695652172
        ],
        "Recall": [
            0.7887261632341724,
            0.8105491990846682,
            0.8359115179252479,
            0.8561250953470634,
            0.8210221205186882,
            0.8622273073989319,
            0.8726086956521739,
            0.8952707856598016,
            0.9014035087719297
        ],
        "Precision": [
            0.8875127669889732,
            0.882018260356902,
            0.8916735857013729,
            0.8671637475372249,
            0.8905692617994433,
            0.8634108548415005,
            0.8650457569608033,
            0.8548484407213917,
            0.8621687806924007
        ],
        "F1": [
            0.8336651976085211,
            0.8412312388783187,
            0.8603229463630481,
            0.8601853227077477,
            0.8521082594341504,
            0.8614179688564537,
            0.8681401182097508,
            0.8743866965697717,
            0.8811296648404451
        ],
        "AUC": [
            0.9229981428050277,
            0.9335657811826351,
            0.9358529499552283,
            0.9385607402248531,
            0.9393993300832421,
            0.9381848240639407,
            0.9420037475541404,
            0.9470431466189103,
            0.9483729977116706
        ]
    },
    "DC": {
        "Accuracy": [
            0.8328839946838809,
            0.8402961837858365,
            0.8381127776722993,
            0.8503341560660719,
            0.8451034744636414,
            0.8538352003037784,
            0.8516593886462882,
            0.8582020125308525,
            0.8516498955762293
        ],
        "Recall": [
            0.750511060259344,
            0.7276430205949656,
            0.7660793287566743,
            0.7704118993135012,
            0.7808009153318077,
            0.779168573607933,
            0.780045766590389,
            0.7904958047292144,
            0.8122807017543859
        ],
        "Precision": [
            0.9056378550571967,
            0.9420755115291468,
            0.8993882735987742,
            0.9203793568799092,
            0.8985262120568744,
            0.9165954280147783,
            0.9122615941048983,
            0.9157044874987774,
            0.8876227134020794
        ],
        "F1": [
            0.8166585716797006,
            0.8185513225448627,
            0.8246360028783319,
            0.8366253333023087,
            0.8336885763854088,
            0.8417859695916728,
            0.8402013572894731,
            0.8477684917674676,
            0.8455027985149564
        ],
        "AUC": [
            0.8521405830265646,
            0.8634761383610255,
            0.8627786621563359,
            0.8810936888535137,
            0.8896273007660929,
            0.8948267834046364,
            0.9180547209232912,
            0.9201987530262329,
            0.9192182535734421
        ]
    },
    "CoF_CLT": {
        "Accuracy": [
            0.8520884754129486,
            0.8477140687298272,
            0.8512075185114867,
            0.862566926143915,
            0.8581887222327701,
            0.8577558382380863,
            0.8708524776912853,
            0.8712796658439339,
            0.8730206948927284
        ],
        "Recall": [
            0.8104729214340198,
            0.8183752860411898,
            0.8201449275362318,
            0.8622120518688025,
            0.8149656750572083,
            0.8533333333333333,
            0.858741418764302,
            0.8630587337909992,
            0.8656292906178491
        ],
        "Precision": [
            0.8897591089425703,
            0.8746748913181598,
            0.8817851471932168,
            0.8650767797401997,
            0.8960544418033246,
            0.8627342754756038,
            0.882561907232339,
            0.880122618118372,
            0.8815560281169029
        ],
        "F1": [
            0.8451674186873188,
            0.8417493464824808,
            0.8452511224025349,
            0.8620071346749107,
            0.851784588780002,
            0.8563964684873181,
            0.868831620513047,
            0.8699114966582944,
            0.8716647717579169
        ],
        "AUC": [
            0.8849941299373196,
            0.8789442178224389,
            0.8959394090140285,
            0.9034047690113752,
            0.9061914569031273,
            0.905581932146055,
            0.9120151892017377,
            0.9101495373594668,
            0.9183839087321329
        ]
    },
    "CoF_PL": {
        "Accuracy": [
            0.8433529523447882,
            0.85688437445566831,
            0.851213214353522,
            0.8647427378014049,
            0.862118853237137,
            0.8643041579646858,
            0.8734725650275299,
            0.8704082020125309,
            0.8787013480159483
        ],
        "Recall": [
            0.7869183829138062,
            0.8296720061022119,
            0.8078413424866513,
            0.8796491228070173,
            0.8403890160183067,
            0.8517238749046531,
            0.882288329519451,
            0.8821281464530892,
            0.8935621662852784
        ],
        "Precision": [
            0.8904772897665427,
            0.8826805952890855,
            0.8892847796151019,
            0.8564552277452601,
            0.8817550386228241,
            0.8765558475976576,
            0.8699865567975484,
            0.8632744607867207,
            0.8702180912448776
        ],
        "F1": [
            0.8335980906637468,
            0.8522019655438193,
            0.8435524344603603,
            0.8664322064017791,
            0.8582952542415819,
            0.8624086672939452,
            0.8743732987474034,
            0.871694522753814,
            0.8805238536236392
        ],
        "AUC": [
            0.9107404901668158,
            0.9085659801678106,
            0.9311486750903727,
            0.9292101283454383,
            0.93215693297516,
            0.9372563592345703,
            0.9304884422777171,
            0.9365093025569594,
            0.9337619142373894
        ]
    },
    "TT": {
        "Accuracy": [
            0.8372356179988607,
            0.8525232580216443,
            0.8555591418264668,
            0.8603702297322954,
            0.8586254034554773,
            0.8612454907917222,
            0.8673609265236377,
            0.8730339851908108,
            0.8642927662806151
        ],
        "Recall": [
            0.7755682684973303,
            0.7869107551487414,
            0.801762013729977,
            0.808840579710145,
            0.8001678108314264,
            0.8062242562929063,
            0.846468344774981,
            0.8578032036613272,
            0.8437070938215104
        ],
        "Precision": [
            0.886074591880028,
            0.9083318660143979,
            0.901771840086831,
            0.9046872338054739,
            0.9074493827654374,
            0.9090501705629238,
            0.8862492648080149,
            0.8867035879429738,
            0.8828295417445368
        ],
        "F1": [
            0.8258525076391457,
            0.8411659594136885,
            0.8465709997091931,
            0.8521323987104144,
            0.8495519993001391,
            0.8524287135663812,
            0.8643146726038349,
            0.8707523706898719,
            0.8607049885475618
        ],