{
    "RF": {
        "Accuracy": [
            0.5519327890639831
        ],
        "Recall": [
            0.6335697940503431
        ],
        "Precision": [
            0.5450473274223261
        ],
        "F1": [
            0.5856423451216441
        ],
        "AUC": [
            0.5519565217391305
        ]
    },
    "DC": {
        "Accuracy": [
            0.5519327890639831
        ],
        "Recall": [
            0.6335697940503431
        ],
        "Precision": [
            0.5450473274223261
        ],
        "F1": [
            0.5856423451216441
        ],
        "AUC": [
            0.5519565217391305
        ]
    },
    "CoF_CLT": {
        "Accuracy": [
            0.5519327890639831
        ],
        "Recall": [
            0.6335697940503431
        ],
        "Precision": [
            0.5450473274223261
        ],
        "F1": [
            0.5856423451216441
        ],
        "AUC": [
            0.5519565217391305
        ]
    },
    "CoF_PL": {
        "Accuracy": [
            0.5519327890639831
        ],
        "Recall": [
            0.6335697940503431
        ],
        "Precision": [
            0.5450473274223261
        ],
        "F1": [
            0.5856423451216441
        ],
        "AUC": [
            0.5519565217391305
        ]
    },
    "TT": {
        "Accuracy": [
            0.5519327890639831
        ],
        "Recall": [
            0.6335697940503431
        ],
        "Precision": [
            0.5450473274223261
        ],
        "F1": [
            0.5856423451216441
        ],
        "AUC": [
            0.5519565217391305
        ]
    }
}