{
    "RF": {
        "Accuracy": [
            0.5514847161572053
        ],
        "Recall": [
            0.9328222730739893
        ],
        "Precision": [
            0.5295795826047318
        ],
        "F1": [
            0.6754439524292997
        ],
        "AUC": [
            0.5515102974828376
        ]
    },
    "DC": {
        "Accuracy": [
            0.5514847161572053
        ],
        "Recall": [
            0.9328222730739893
        ],
        "Precision": [
            0.5295795826047318
        ],
        "F1": [
            0.6754439524292997
        ],
        "AUC": [
            0.5515102974828376
        ]
    },
    "CoF_CLT": {
        "Accuracy": [
            0.5458078602620089
        ],
        "Recall": [
            0.840648360030511
        ],
        "Precision": [
            0.4763132509464404
        ],
        "F1": [
            0.6079280288624207
        ],
        "AUC": [
            0.5515102974828376
        ]
    },
    "CoF_PL": {
        "Accuracy": [
            0.5514847161572053
        ],
        "Recall": [
            0.9328222730739893
        ],
        "Precision": [
            0.5295795826047318
        ],
        "F1": [
            0.6754439524292997
        ],
        "AUC": [
            0.5515102974828376
        ]
    },
    "TT": {
        "Accuracy": [
            0.5514847161572053
        ],
        "Recall": [
            0.9328222730739893
        ],
        "Precision": [
            0.5295795826047318
        ],
        "F1": [
            0.6754439524292997
        ],
        "AUC": [
            0.5515102974828376
        ]
    }
}