{
    "RF": {
        "Accuracy": [
            0.8193601670780332
        ],
        "Recall": [
            0.8629366895499618
        ],
        "Precision": [
            0.7947059127906247
        ],
        "F1": [
            0.8269541462928277
        ],
        "AUC": [
            0.8623774085497298
        ]
    },
    "DC": {
        "Accuracy": [
            0.8372356179988609
        ],
        "Recall": [
            0.888184591914569
        ],
        "Precision": [
            0.8078721050838608
        ],
        "F1": [
            0.8447868362038905
        ],
        "AUC": [
            0.8559711139853414
        ]
    },
    "CoF_CLT": {
        "Accuracy": [
            0.8163014999050693
        ],
        "Recall": [
            0.8568497330282228
        ],
        "Precision": [
            0.7940744714734898
        ],
        "F1": [
            0.8232590034062044
        ],
        "AUC": [
            0.8283937253341292
        ]
    },
    "CoF_PL": {
        "Accuracy": [
            0.8102012530852477
        ],
        "Recall": [
            0.8394279176201372
        ],
        "Precision": [
            0.7954244824208401
        ],
        "F1": [
            0.815392740372603
        ],
        "AUC": [
            0.8698568964945445
        ]
    },
    "TT": {
        "Accuracy": [
            0.8341940383520031
        ],
        "Recall": [
            0.8715636918382913
        ],
        "Precision": [
            0.8115822291476128
        ],
        "F1": [
            0.8396048925570643
        ],
        "AUC": [
            0.8520937883461015
        ]
    }
}