{
    "RF": {
        "Accuracy": [
            0.7958116574900324
        ],
        "Recall": [
            0.6221891685736078
        ],
        "Precision": [
            0.9540444860234525
        ],
        "F1": [
            0.7524290080442299
        ],
        "AUC": [
            0.8332307564753092
        ]
    },
    "DC": {
        "Accuracy": [
            0.7940668312132144
        ],
        "Recall": [
            0.6187032799389779
        ],
        "Precision": [
            0.9537754721055111
        ],
        "F1": [
            0.7498294140043624
        ],
        "AUC": [
            0.8069862036944914
        ]
    },
    "CoF_CLT": {
        "Accuracy": [
            0.7892633377634327
        ],
        "Recall": [
            0.6108237986270022
        ],
        "Precision": [
            0.950564525767503
        ],
        "F1": [
            0.7434120933875541
        ],
        "AUC": [
            0.7924638676085298
        ]
    },
    "CoF_PL": {
        "Accuracy": [
            0.7918834250996774
        ],
        "Recall": [
            0.6134477498093058
        ],
        "Precision": [
            0.9554515885620427
        ],
        "F1": [
            0.7461579844011802
        ],
        "AUC": [
            0.7976231220774053
        ]
    },
    "TT": {
        "Accuracy": [
            0.7945035124359219
        ],
        "Recall": [
            0.6169488939740655
        ],
        "Precision": [
            0.9580008242181872
        ],
        "F1": [
            0.7496492338241822
        ],
        "AUC": [
            0.8081515935396147
        ]
    }
}