{
    "RF": {
        "Accuracy": [
            0.8459730396810329,
            0.8581773305486996,
            0.8590468957660908,
            0.863445984431365,
            0.8638693753559901,
            0.8603892158724132,
            0.8608258970951205,
            0.87217581165749,
            0.8651851148661478
        ],
        "Recall": [
            0.7967200610221206,
            0.83580472921434,
            0.8368039664378337,
            0.8551411136536995,
            0.8499389778794812,
            0.8542562929061785,
            0.868321891685736,
            0.8918230358504958,
            0.8683905415713197
        ],
        "Precision": [
            0.8880274043984997,
            0.8794716540554302,
            0.8808443993190428,
            0.8738572202082182,
            0.8788066567324048,
            0.8679173871963497,
            0.8577609637519041,
            0.8585085231102116,
            0.8655163583038468
        ],
        "F1": [
            0.8381287934144932,
            0.8544495467650493,
            0.8556838305796107,
            0.8621330123027271,
            0.8616249281412578,
            0.8590696526691026,
            0.8620154760021002,
            0.874753701974974,
            0.864769187242373
        ],
        "AUC": [
            0.9247286505488674,
            0.9340827778330514,
            0.9386341657546513,
            0.9368948031704972,
            0.9410047093158227,
            0.9405682021689383,
            0.938337644678805,
            0.9452305243259376,
            0.9457493450071303
        ]
    },
    "DC": {
        "Accuracy": [
            0.8276609075374977,
            0.8490582874501614,
            0.8560072147332448,
            0.8555705335105372,
            0.8516631858743116,
            0.8581925194607937,
            0.8594949686728688,
            0.8581792291627112,
            0.8538276058477312
        ],
        "Recall": [
            0.7206864988558352,
            0.7949885583524027,
            0.80093058733791,
            0.7835163996948893,
            0.7817848970251716,
            0.7722425629290618,
            0.7783524027459954,
            0.8018764302059497,
            0.8088710907704042
        ],
        "Precision": [
            0.9243281378165709,
            0.8965260478614591,
            0.9039032531066702,
            0.9188893428175978,
            0.9140059494782029,
            0.9327039445259879,
            0.9300039148911481,
            0.9057719504280503,
            0.8904940820036149
        ],
        "F1": [
            0.8059124006477886,
            0.8398730062406543,
            0.8467282591482992,
            0.843690186832896,
            0.8396727679084182,
            0.8443167297627031,
            0.8466243122072183,
            0.8488581726958765,
            0.8457202701223961
        ],
        "AUC": [
            0.8528077471561704,
            0.8675635923457035,
            0.8817855934732863,
            0.8797151195569264,
            0.8793293867940172,
            0.8958068848870762,
            0.9149743640765431,
            0.9153906410639074,
            0.9169413988657844
        ]
    },
    "CoF_CLT": {
        "Accuracy": [
            0.8555648376685021,
            0.856861591038542,
            0.8656009113347256,
            0.8625631289158914,
            0.8612492880197458,
            0.8608315929371558,
            0.8721682172014429,
            0.8682456806531234,
            0.8651851148661478
        ],
        "Recall": [
            0.8306788710907703,
            0.8367734553775744,
            0.8419755911517924,
            0.823676582761251,
            0.8263157894736841,
            0.8473226544622425,
            0.8778413424866514,
            0.857810831426392,
            0.8735697940503435
        ],
        "Precision": [
            0.8766069796329109,
            0.8791347370930138,
            0.8883900747332815,
            0.8981455699449699,
            0.8930425986817166,
            0.8725655136973568,
            0.8687916105588049,
            0.8786314104291773,
            0.8613914151988545
        ],
        "F1": [
            0.85194396764769,
            0.8537395920167918,
            0.8620164000902081,
            0.8572182521788851,
            0.8557904104232914,
            0.8587090490551859,
            0.8729584048036438,
            0.8662060561714975,
            0.8662845271305691
        ],
        "AUC": [
            0.8815253208635957,
            0.8911963983683215,
            0.8943227539548302,
            0.9026944250986636,
            0.903509004079196,
            0.90700301794183,
            0.9129040891453586,
            0.9120431134547141,
            0.9158084104400889
        ]
    },
    "CoF_PL": {
        "Accuracy": [
            0.8529523447883044,
            0.8603531422061895,
            0.8629808239984811,
            0.8634326941332826,
            0.8660546800835391,
            0.8656255933168786,
            0.8717220429086765,
            0.8651870134801595,
            0.8717277387507119
        ],
        "Recall": [
            0.8063386727688785,
            0.8411670480549199,
            0.8437909992372233,
            0.8481693363844393,
            0.8438367658276125,
            0.852509534706331,
            0.8701525553012968,
            0.8708695652173912,
            0.890129672006102
        ],
        "Precision": [
            0.8930016084661174,
            0.8795276220187122,
            0.8832516242735302,
            0.8809694226149739,
            0.8871028081064349,
            0.8786349411465926,
            0.8762906054090281,
            0.8642500725198785,
            0.8605350678975417
        ],
        "F1": [
            0.8455217034206047,
            0.8574284411595385,
            0.8595288339200792,
            0.8617771281929455,
            0.8625079756896316,
            0.8637721527696266,
            0.8707590328100447,
            0.8663252169969814,
            0.8741862492579943
        ],
        "AUC": [
            0.9178790501774285,
            0.9274904652936691,
            0.9307637714323617,
            0.9285164660232812,
            0.9164870825456838,
            0.9319332404735847,
            0.9395531787881802,
            0.9245297648658507,
            0.924875236294896
        ]
    },
    "TT": {
        "Accuracy": [
            0.8429200683501046,
            0.8538257072337194,
            0.8564382001139169,
            0.8647332447313463,
            0.8590715777482437,
            0.8665008543763053,
            0.8577615340801215,
            0.8621093601670781,
            0.8725859122840328
        ],
        "Recall": [
            0.7688329519450801,
            0.818512585812357,
            0.797490465293669,
            0.7974523264683447,
            0.8158276125095348,
            0.8218916857360794,
            0.8194355453852022,
            0.8159344012204425,
            0.8377803203661328
        ],
        "Precision": [
            0.9045678689478805,
            0.8838984588442613,
            0.9084448785413629,
            0.9250373788898187,
            0.8980574322990698,
            0.9057497882342517,
            0.8909484565894685,
            0.9041966653045351,
            0.9037446177571254
        ],
        "F1": [
            0.8293383795899457,
            0.8484421233068478,
            0.8470136144346005,
            0.8550240523770093,
            0.8517830568538148,
            0.8601588893433927,
            0.8514752568707964,
            0.8552174101558856,
            0.8674935785681545
        ],