{
    "RF": {
        "Accuracy": [
            0.8403189671539776,
            0.8459882285931271,
            0.8503550408202013,
            0.8612549838617809,
            0.85951775204101,
            0.8647427378014051,
            0.8625631289158914,
            0.8643155496487565,
            0.8712872602999809
        ],
        "Recall": [
            0.8115636918382914,
            0.8289855072463768,
            0.8394202898550726,
            0.8542562929061785,
            0.866552250190694,
            0.8804881769641495,
            0.8568268497330281,
            0.843760488176964,
            0.8988024408848208
        ],
        "Precision": [
            0.864491901911183,
            0.863269526105938,
            0.8645001059359227,
            0.8716389479298231,
            0.8588005603953761,
            0.8550012096981877,
            0.871261032215483,
            0.8856710180383279,
            0.852427396078929
        ],
        "F1": [
            0.8353490998548991,
            0.8425894961509268,
            0.8484254890457692,
            0.8594463344181111,
            0.8598263880925195,
            0.8668128826514593,
            0.8610639490201913,
            0.8604728589400249,
            0.874749287339391
        ],
        "AUC": [
            0.9211699333399661,
            0.9309350645043611,
            0.9342807017543858,
            0.9403791994163102,
            0.9445902563592347,
            0.9397681491062249,
            0.9395308261201206,
            0.9426612277385334,
            0.9442445859450137
        ]
    },
    "DC": {
        "Accuracy": [
            0.8276760964495917,
            0.8464400987279286,
            0.8534023163090942,
            0.8507784317448264,
            0.8486140117714068,
            0.8507955192709321,
            0.8512284032656161,
            0.8612587810898045,
            0.8516726789443707
        ],
        "Recall": [
            0.7663844393592678,
            0.7844927536231883,
            0.7941113653699466,
            0.8070404271548435,
            0.7626315789473683,
            0.7626773455377573,
            0.7757589626239512,
            0.806323417238749,
            0.8255453852021359
        ],
        "Precision": [
            0.8855452627677456,
            0.9028297698586953,
            0.9042496283111416,
            0.8882656119461186,
            0.9223001810319019,
            0.9273786711542465,
            0.914554220113142,
            0.9078693205302656,
            0.8742701621797287
        ],
        "F1": [
            0.814600962440762,
            0.8346495621228971,
            0.8423798339927606,
            0.8431592555787546,
            0.8336779898625041,
            0.8357192876141699,
            0.8386343539949195,
            0.8527640366746592,
            0.8471946603278819
        ],
        "AUC": [
            0.8452765562298941,
            0.8673462673697477,
            0.8734427751799159,
            0.8770417537226809,
            0.8889699864026795,
            0.8918644579312176,
            0.900282160979007,
            0.9259970815507577,
            0.9197248366663351
        ]
    },
    "CoF_CLT": {
        "Accuracy": [
            0.8494835769887981,
            0.8573305486994496,
            0.8560299981013859,
            0.86867097019176,
            0.8690867666603379,
            0.861685969242453,
            0.8643288399468387,
            0.8569014619327892,
            0.8738883614961077
        ],
        "Recall": [
            0.8420671243325705,
            0.845530129672006,
            0.8359267734553775,
            0.8717925247902365,
            0.8595194508009154,
            0.8377498093058733,
            0.8508543096872614,
            0.8342334096109839,
            0.8909229595728452
        ],
        "Precision": [
            0.8596477732028273,
            0.8708725078682837,
            0.8769581299707445,
            0.871410003391159,
            0.8807642119370305,
            0.8845825954445443,
            0.8797334186646186,
            0.8795205471070959,
            0.8625224570672729
        ],
        "F1": [
            0.8475752712941842,
            0.8551990919175754,
            0.8526403949716643,
            0.8687910603784055,
            0.8674695867677938,
            0.8579750690227221,
            0.8618932380425115,
            0.8533446262248591,
            0.8762041790673821
        ],
        "AUC": [
            0.8746560209597718,
            0.8852878652207077,
            0.8901125592810002,
            0.8934388618047955,
            0.9017340231486088,
            0.8996578781547442,
            0.8995228335489006,
            0.9000661625708885,
            0.9168048618711238
        ]
    },
    "CoF_PL": {
        "Accuracy": [
            0.8394645908486804,
            0.854277577368521,
            0.8673723182077083,
            0.8699867097019176,
            0.8765084488323526,
            0.8638693753559903,
            0.8682361875830644,
            0.8656198974748432,
            0.866943231441048
        ],
        "Recall": [
            0.8141876430205949,
            0.8367963386727689,
            0.866559877955759,
            0.8674294431731504,
            0.881296720061022,
            0.8647215865751334,
            0.8681617086193745,
            0.8612662090007627,
            0.8857513348588864
        ],
        "Precision": [
            0.8615208102485779,
            0.8722918676356619,
            0.8720440897861288,
            0.8766535996031692,
            0.8738693154536221,
            0.868053541022161,
            0.8730572813176337,
            0.873892352515154,
            0.8558347329502679
        ],
        "F1": [
            0.8345302367840157,
            0.8509920128793006,
            0.8667282132231472,
            0.868764121606751,
            0.8766756044761047,
            0.8634522994439987,
            0.8676719721345393,
            0.864328025706732,
            0.8690649302089183
        ],
        "AUC": [
            0.8900098829303884,
            0.9091660199648459,
            0.9084071899976784,
            0.9211153119092629,
            0.9296617252014725,
            0.9192124830033496,
            0.9185495970550195,
            0.9313487215202467,
            0.9320453022916461
        ]
    },
    "TT": {
        "Accuracy": [
            0.8507765331308145,
            0.8560356939434213,
            0.8560337953294095,
            0.8595139548129864,
            0.8595196506550218,
            0.8573286500854378,
            0.862134042149231,
            0.866928042528954,
            0.8651946079362066
        ],
        "Recall": [
            0.8193135011441648,
            0.8272616323417239,
            0.8236460717009916,
            0.8106178489702517,
            0.7983981693363845,
            0.8168039664378337,
            0.8027688787185354,
            0.8429824561403507,
            0.854271548436308
        ],
        "Precision": [
            0.8774434668261938,
            0.8828676458889433,
            0.8854993231926549,
            0.9026006370650336,
            0.9137400428156353,
            0.8945544618404849,
            0.9145068650764483,
            0.8906609135520359,
            0.8760565945162029
        ],
        "F1": [
            0.8458553923283338,
            0.850936474617729,
            0.85014521741023,
            0.8519900526826456,
            0.849578761028774,
            0.8508264448997608,
            0.8529674415271833,
            0.8634190216435229,
            0.8626439554851965
        ],