{
    "RF": {
        "Accuracy": [
            0.839884184545282,
            0.8560356939434213,
            0.8595215492690336,
            0.8621435352192901,
            0.8691228403265615,
            0.8660736662236568,
            0.8712967533700399,
            0.8669242453009304,
            0.8747769128536168
        ],
        "Recall": [
            0.820320366132723,
            0.8778718535469107,
            0.8648131197559114,
            0.8596186117467581,
            0.8725781845919146,
            0.8648741418764303,
            0.8874599542334096,
            0.8735545385202137,
            0.8849275362318838
        ],
        "Precision": [
            0.8587472211373461,
            0.8413325065591699,
            0.8575636061141434,
            0.8688855604572125,
            0.8697103194657381,
            0.8681559552209828,
            0.862068720278752,
            0.8643966327555095,
            0.8697460760556408
        ],
        "F1": [
            0.8356147012170322,
            0.8588305990482825,
            0.8600388759984325,
            0.8609350483479451,
            0.8695517775581655,
            0.8652162399363986,
            0.8732341402303723,
            0.8669426659702258,
            0.8754632518453478
        ],
        "AUC": [
            0.9250459324113687,
            0.9328669452459126,
            0.9331107684144196,
            0.9409917421152125,
            0.9399785427652307,
            0.9406622558286074,
            0.9429380161177994,
            0.9442201770968064,
            0.944766524060624
        ]
    },
    "DC": {
        "Accuracy": [
            0.829409531042339,
            0.8520979684830075,
            0.8586443895955951,
            0.8551604328839947,
            0.8595234478830454,
            0.8647465350294284,
            0.864750332257452,
            0.8621397379912663,
            0.8577710271501804
        ],
        "Recall": [
            0.7680320366132722,
            0.7880549199084668,
            0.8071472158657513,
            0.8099694889397406,
            0.8133943554538521,
            0.7879862700228832,
            0.7801449275362318,
            0.7949504195270786,
            0.8341571319603357
        ],
        "Precision": [
            0.8794022863310186,
            0.9079023285013568,
            0.9051471155436065,
            0.8944581449981486,
            0.8998495986536238,
            0.9313766856480656,
            0.9398123252309976,
            0.9190916348585503,
            0.8794300439545888
        ],
        "F1": [
            0.8170791024376929,
            0.841346441051491,
            0.8509890833030578,
            0.8472921211276562,
            0.8520592476933929,
            0.8532362710011169,
            0.8518555490729336,
            0.8522122282551233,
            0.8533750207944216
        ],
        "AUC": [
            0.8472155341093754,
            0.8715221702649819,
            0.8794868503963121,
            0.8825002487314695,
            0.889367757768713,
            0.9011313302158989,
            0.9133663648724836,
            0.9153625509899511,
            0.9146461048651876
        ]
    },
    "CoF_CLT": {
        "Accuracy": [
            0.8429257641921397,
            0.8582172014429468,
            0.8643307385608505,
            0.8612739700018986,
            0.8686823618758306,
            0.8669413328270362,
            0.8608277957091323,
            0.8695443326371748,
            0.8704252895386368
        ],
        "Recall": [
            0.8316552250190694,
            0.8588176964149504,
            0.8552555301296719,
            0.8579099923722348,
            0.8665751334858885,
            0.8464759725400459,
            0.860419527078566,
            0.8786498855835241,
            0.8743173150266971
        ],
        "Precision": [
            0.8514222541465809,
            0.8612592181938086,
            0.8741580500513131,
            0.8660547159905192,
            0.8722998351554713,
            0.8853005487128117,
            0.8627531710451262,
            0.8656360892377751,
            0.8698120309944162
        ],
        "F1": [
            0.8406516131229969,
            0.8573276427785338,
            0.8627237495309853,
            0.8600335851371362,
            0.8672229135932877,
            0.8635512211444208,
            0.8600366823131307,
            0.8703265765479383,
            0.870309207852088
        ],
        "AUC": [
            0.8789695221039366,
            0.8938349417968363,
            0.8963734620104136,
            0.8972592776838125,
            0.9088225383875569,
            0.9090967067953437,
            0.9125199150996582,
            0.907927536231884,
            0.9111472490299473
        ]
    },
    "CoF_PL": {
        "Accuracy": [
            0.8521074615530664,
            0.8542946648946268,
            0.8630301879627872,
            0.8647598253275108,
            0.8743478260869566,
            0.8682361875830644,
            0.875663565597114,
            0.8713005505980634,
            0.8804518701348016
        ],
        "Recall": [
            0.8300305110602594,
            0.8404042715484362,
            0.8518001525553013,
            0.8578871090770404,
            0.8917238749046531,
            0.8726086956521739,
            0.8987871853546909,
            0.8840350877192982,
            0.907520976353928
        ],
        "Precision": [
            0.8731599361058097,
            0.867933411538786,
            0.8730096900347963,
            0.8727606758229097,
            0.8639463374545876,
            0.8669485984644882,
            0.8594015091271118,
            0.8641339166981556,
            0.8615447310069781
        ],
        "F1": [
            0.8472879362000599,
            0.850852059134932,
            0.860910081298362,
            0.8631786858957755,
            0.8763344757387499,
            0.8682442119506263,
            0.8782955788579241,
            0.872523418172358,
            0.883502680570247
        ],
        "AUC": [
            0.9178799456107187,
            0.9265870725964248,
            0.9310486850396312,
            0.9192046230889132,
            0.926284250323351,
            0.9324048685039632,
            0.9239623918018107,
            0.9214488110635758,
            0.9264819420953139
        ]
    },
    "TT": {
        "Accuracy": [
            0.8534156066071767,
            0.8577843174482629,
            0.8608486804632618,
            0.8678108980444275,
            0.866943231441048,
            0.8730529713309284,
            0.8678052022023923,
            0.8682456806531234,
            0.8647636225555344
        ],
        "Recall": [
            0.8299389778794813,
            0.8246987032799391,
            0.8412738367658277,
            0.8412204424103737,
            0.8368649885583522,
            0.8368878718535468,
            0.8342715484363081,
            0.8491304347826087,
            0.8385507246376811
        ],
        "Precision": [
            0.8738500592109959,
            0.8868991549813938,
            0.8781430775675754,
            0.891191483801794,
            0.8934308526781816,
            0.904660911628047,
            0.8981564840881443,
            0.8852439462791128,
            0.8888593135722125
        ],
        "F1": [
            0.8490042848809299,
            0.8521426925241308,
            0.8566434125924222,
            0.8635243759708912,
            0.8620928748838097,
            0.8682197230865215,
            0.8629423151063014,
            0.865095594538027,
            0.8605111066336608
        ],