{
    "RF": {
        "Accuracy": [
            0.842946648946269,
            0.8507936206569205,
            0.8490563888361496,
            0.863903550408202,
            0.856487564078223,
            0.8673704195936965,
            0.8678014049743688,
            0.8660774634516804,
            0.864757926713499
        ],
        "Recall": [
            0.8131807780320365,
            0.8515865751334857,
            0.8481464530892449,
            0.8700915331807781,
            0.8744546147978642,
            0.8813806254767351,
            0.8970556826849732,
            0.8805415713196034,
            0.8839282990083905
        ],
        "Precision": [
            0.8691757287507806,
            0.855352206874446,
            0.8530158534512828,
            0.863268310294526,
            0.846127218928115,
            0.859619379757808,
            0.8489014798241576,
            0.8578094336627873,
            0.8529163835067818
        ],
        "F1": [
            0.8363610271979558,
            0.8492787569055515,
            0.8482809594939095,
            0.8639779646253236,
            0.8580334353056458,
            0.8690023666993097,
            0.8714823870979496,
            0.8674314389352616,
            0.8670716011784562
        ],
        "AUC": [
            0.9220365469439195,
            0.9331505986137365,
            0.9349569528736776,
            0.9410285212085034,
            0.9370091201538819,
            0.9437110735250224,
            0.9401340496799655,
            0.9410343912711838,
            0.9463951845587504
        ]
    },
    "DC": {
        "Accuracy": [
            0.8303037782418835,
            0.8468729827226126,
            0.8521264476931838,
            0.8626048984241503,
            0.8477577368520979,
            0.8534156066071767,
            0.8534156066071767,
            0.855158534269983,
            0.8468691854945888
        ],
        "Recall": [
            0.7286880244088482,
            0.7819145690312739,
            0.8036536994660564,
            0.8317009916094585,
            0.8194965675057209,
            0.8133943554538521,
            0.7871395881006865,
            0.7862700228832953,
            0.8177192982456141
        ],
        "Precision": [
            0.921102630589824,
            0.9075363012275826,
            0.8923735529966057,
            0.8901528681018542,
            0.870352254323062,
            0.8883158106739195,
            0.9079772138571249,
            0.9123052492680813,
            0.8722400885470176
        ],
        "F1": [
            0.8094883722050342,
            0.8343001632881724,
            0.843735552485971,
            0.8568162561778699,
            0.84264636633152,
            0.8465419439410814,
            0.8429206502193841,
            0.8441111536658801,
            0.8419362707479557
        ],
        "AUC": [
            0.8550179418300002,
            0.8699144032102941,
            0.8692951945080092,
            0.8837453321394223,
            0.881290186714423,
            0.891483832454482,
            0.9150287533578748,
            0.9095382217358141,
            0.9170578715219049
        ]
    },
    "CoF_CLT": {
        "Accuracy": [
            0.8398955762293525,
            0.8573400417695082,
            0.853421302449212,
            0.8634611733434593,
            0.8617258401367002,
            0.8656388836149611,
            0.8669375355990127,
            0.861262578317828,
            0.8625707233719384
        ],
        "Recall": [
            0.7993745232646836,
            0.863020594965675,
            0.8638596491228071,
            0.8621967963386729,
            0.8491456903127383,
            0.8525324180015256,
            0.870884820747521,
            0.8585888634630052,
            0.8664912280701756
        ],
        "Precision": [
            0.8741471963748507,
            0.8578063515547368,
            0.8529925062566575,
            0.8673271727742252,
            0.8750068070558836,
            0.8798206248549356,
            0.8664865207641087,
            0.8653800752686159,
            0.8619630212171193
        ],
        "F1": [
            0.8324244703840646,
            0.8572651280636963,
            0.8531288192158968,
            0.8625257889564326,
            0.8592578648803141,
            0.8632282015235834,
            0.8674572704593897,
            0.8604616584075494,
            0.8631421194793802
        ],
        "AUC": [
            0.8779684276854708,
            0.8935657811826353,
            0.8896263390044108,
            0.8929715782840845,
            0.900068450900408,
            0.9051280469605013,
            0.903030212582496,
            0.9110833416243823,
            0.9077805856797003
        ]
    },
    "CoF_PL": {
        "Accuracy": [
            0.8468824757926713,
            0.8542927662806152,
            0.85516612872603,
            0.8638959559521548,
            0.8643364344028859,
            0.865631289158914,
            0.865623694702867,
            0.870430985380672,
            0.8695519270932219
        ],
        "Recall": [
            0.8176811594202897,
            0.8533790999237223,
            0.8446910755148741,
            0.8490999237223493,
            0.873493516399695,
            0.8639359267734553,
            0.8927383676582761,
            0.8883066361556062,
            0.8743707093821509
        ],
        "Precision": [
            0.875048609807559,
            0.8599314899943449,
            0.8666473521307753,
            0.8805966897192133,
            0.8601539776121363,
            0.870876183856326,
            0.8480791037246469,
            0.8595370974911336,
            0.8693590473749072
        ],
        "F1": [
            0.8404573660370357,
            0.8528863777748338,
            0.8526443142309296,
            0.8612583989128865,
            0.8648353232444365,
            0.8649798654622665,
            0.8692183507123461,
            0.8725187372220242,
            0.869951989970466
        ],
        "AUC": [
            0.9108115610387028,
            0.9080046429874307,
            0.9148122243226213,
            0.9215787483832454,
            0.9137369084336552,
            0.923148442941001,
            0.9222548005173614,
            0.9268949689914768,
            0.924224753755845
        ]
    },
    "TT": {
        "Accuracy": [
            0.847307765331308,
            0.848629200683501,
            0.856047085627492,
            0.859958230491741,
            0.8643364344028859,
            0.8569052591608125,
            0.8761116385038921,
            0.8612568824757927,
            0.8665103474463642
        ],
        "Recall": [
            0.7905263157894737,
            0.80372234935164,
            0.8193287566742944,
            0.7984286803966436,
            0.8526163234172387,
            0.8169107551487415,
            0.8482684973302822,
            0.8428299008390541,
            0.8204347826086955
        ],
        "Precision": [
            0.8986064678153485,
            0.8891957871503123,
            0.8892663267110702,
            0.9117370160896355,
            0.8765648547890461,
            0.8922917318144904,
            0.9011129774186987,
            0.879096915425413,
            0.9077182244333141
        ],
        "F1": [
            0.8368080199029567,
            0.8402459168428843,
            0.8501726217960595,
            0.8500931560033343,
            0.8617338751296435,
            0.8503304256168149,
            0.8718846102530524,
            0.8583578498849163,
            0.8592327784748244
        ],
        "AUC": [
            0.9053876562862735,
            0.9088718535469107,
            0.9185839219978111,
            0.921887739196763,
            0.9244908300998242,
            0.9252192153351244,
            0.9292995721818725,
            0.9225096010347228,
            0.9259800019898516
        ]
    }
}