{
    "RF": {
        "Accuracy": [
            0.8447142585912284,
            0.8468881716347066,
            0.8604309853806722,
            0.8573362445414847,
            0.8573514334535789,
            0.8678089994304157,
            0.8582172014429466,
            0.8664970571482818,
            0.8660584773115627
        ],
        "Recall": [
            0.7952631578947369,
            0.8125781845919147,
            0.844797864225782,
            0.8377498093058733,
            0.791533180778032,
            0.8578642257818461,
            0.8509458428680396,
            0.8614035087719298,
            0.8692829900839054
        ],
        "Precision": [
            0.8888301419682969,
            0.8758858455527341,
            0.8740081720815727,
            0.8742546878824349,
            0.9123675058003,
            0.8783383379164459,
            0.8674854588969649,
            0.8727710694960467,
            0.8678285918120932
        ],
        "F1": [
            0.8345675614115959,
            0.840646752715507,
            0.8571790734571569,
            0.8541259267707242,
            0.8466436416337556,
            0.8653499147613886,
            0.8559656159505865,
            0.8650015122241801,
            0.8657650647351355
        ],
        "AUC": [
            0.9266899810964084,
            0.9263298842569563,
            0.9346140350877192,
            0.9358703279938977,
            0.9397074254634695,
            0.9392906178489703,
            0.9414543826484927,
            0.9452875335787484,
            0.9429981096408317
        ]
    },
    "DC": {
        "Accuracy": [
            0.8215568634896526,
            0.8446971710651224,
            0.8481944180748056,
            0.8412189101955573,
            0.8508107081830264,
            0.8569261439149422,
            0.8564989557622935,
            0.8547370419593696,
            0.8599620277197646
        ],
        "Recall": [
            0.7304652936689549,
            0.7488482074752097,
            0.7845308924485125,
            0.7645080091533181,
            0.7566285278413425,
            0.7793211289092297,
            0.7836689549961862,
            0.8028604118993133,
            0.8046453089244852
        ],
        "Precision": [
            0.9029728317566168,
            0.9305585725260149,
            0.90320524300859,
            0.9080017545328183,
            0.9328117234626092,
            0.9229504817853504,
            0.9178621255802556,
            0.8982696892845758,
            0.905972954907196
        ],
        "F1": [
            0.8014857967504202,
            0.8267715045540347,
            0.8376333607742226,
            0.826861503941983,
            0.8346967159281637,
            0.8444709285303531,
            0.8446288150408086,
            0.8460651513071118,
            0.8510888657026638
        ],
        "AUC": [
            0.8437937850296819,
            0.8667854939806985,
            0.8698190893111797,
            0.8719799024972639,
            0.8873781049978444,
            0.8918104002918451,
            0.8933704440685837,
            0.9063272311212816,
            0.9009866016648426
        ]
    },
    "CoF_CLT": {
        "Accuracy": [
            0.8377311562559331,
            0.8556066071767608,
            0.8516707803303587,
            0.851685969242453,
            0.856893867476742,
            0.8573476362255553,
            0.8638769698120372,
            0.8529751281564458,
            0.861262578317828
        ],
        "Recall": [
            0.8124866514111366,
            0.8300381388253243,
            0.8255453852021357,
            0.834324942791762,
            0.8273226544622426,
            0.8011594202898552,
            0.8333867276887871,
            0.8316552250190694,
            0.8561174675819985
        ],
        "Precision": [
            0.862783970210233,
            0.880160688282573,
            0.8763626135791507,
            0.8677219652425338,
            0.8827544744298279,
            0.9060858160193483,
            0.8909157709976426,
            0.8738854451783308,
            0.8698215150715786
        ],
        "F1": [
            0.8326383155482044,
            0.8505963451762278,
            0.8476863407704487,
            0.8480391031517472,
            0.851726527097599,
            0.8486274594424008,
            0.8589890896731772,
            0.8489235021971602,
            0.8598237620987275
        ],
        "AUC": [
            0.8737884124299408,
            0.8813364176035551,
            0.8797941830000331,
            0.8851158093722017,
            0.8980779358604449,
            0.9052834212184526,
            0.906620767419494,
            0.9048958975889632,
            0.9195631943753524
        ]
    },
    "CoF_PL": {
        "Accuracy": [
            0.8477672299221568,
            0.8547446364154168,
            0.8604138978545661,
            0.8538541864438958,
            0.8603949117144485,
            0.8590848680463262,
            0.8695557243212454,
            0.8643155496487565,
            0.865183216252136
        ],
        "Recall": [
            0.8144698703279938,
            0.802929061784897,
            0.8404271548436307,
            0.8221281464530893,
            0.8185659801678108,
            0.8395194508009155,
            0.844797864225782,
            0.8535774218154082,
            0.8692448512585813
        ],
        "Precision": [
            0.87822318568787,
            0.8976515871368494,
            0.879318984284222,
            0.8819943385954956,
            0.8970196372939434,
            0.8786273224907765,
            0.8927556220528379,
            0.8756123660483366,
            0.8659153795537771
        ],
        "F1": [
            0.840201783948129,
            0.8459631880587454,
            0.8571951241871189,
            0.8482252569109955,
            0.8534738548473297,
            0.8557517927472504,
            0.8654748021613946,
            0.8618827731105588,
            0.8646503648483806
        ],
        "AUC": [
            0.9118089410672239,
            0.906212284018174,
            0.9196804629721754,
            0.9192402414353463,
            0.9185173614565716,
            0.9225758299340031,
            0.9306382781149471,
            0.9228950353198687,
            0.9247818127549496
        ]
    },
    "TT": {
        "Accuracy": [
            0.8434004176950826,
            0.8543136510347444,
            0.8591133472565028,
            0.854294664894627,
            0.8621568255173724,
            0.8612758686159104,
            0.8682589709512054,
            0.8638902601101197,
            0.8608334915511676
        ],
        "Recall": [
            0.7977498093058735,
            0.7793363844393592,
            0.8176582761250953,
            0.7818764302059497,
            0.8002669717772692,
            0.7915636918382913,
            0.8116781083142637,
            0.8108314263920672,
            0.8090770404271549
        ],
        "Precision": [
            0.8829121379292584,
            0.9190271545479313,
            0.892977075006334,
            0.9158725747597707,
            0.9157599240743994,
            0.9218974808929742,
            0.9189711389215758,
            0.9112919799012363,
            0.9097225364583685
        ],
        "F1": [
            0.8338471931986076,
            0.8413862045868387,
            0.8521444079545368,
            0.8419817763710482,
            0.8523927739996532,
            0.850020301385354,
            0.8594403675163246,
            0.8555388649974255,
            0.8519635897475949
        ],