{
    "RF": {
        "Accuracy": [
            0.8516498955762295,
            0.844252895386368,
            0.8629998101385988,
            0.8599449401936585,
            0.862566926143915,
            0.8612606797038161,
            0.8625745205999621,
            0.8612663755458515,
            0.8704138978545661
        ],
        "Recall": [
            0.8334096109839818,
            0.8499694889397407,
            0.8682837528604118,
            0.8682684973302821,
            0.8752250190694127,
            0.8586498855835242,
            0.8656598016781084,
            0.8796186117467583,
            0.8909687261632342
        ],
        "Precision": [
            0.8691327708304915,
            0.8428091962832107,
            0.862008751306939,
            0.8563335422568551,
            0.8562431838927038,
            0.8674243997158552,
            0.8623114581415321,
            0.8498568105774321,
            0.8566364099619566
        ],
        "F1": [
            0.8483486728164567,
            0.8451524805805161,
            0.8636640293350123,
            0.861061985151472,
            0.864209499350659,
            0.8607921942661184,
            0.8623935407115539,
            0.8638158354852564,
            0.8729242201606129
        ],
        "AUC": [
            0.923938181938779,
            0.9194244353795643,
            0.9369464729877622,
            0.9378642921102378,
            0.9467393625841541,
            0.9415978841242996,
            0.9418440951149138,
            0.9407635061187942,
            0.947619673001028
        ]
    },
    "DC": {
        "Accuracy": [
            0.8303018796278716,
            0.8560280994873743,
            0.8538370989177899,
            0.857324852857414,
            0.8534080121511296,
            0.8446762863109931,
            0.844676286310993,
            0.8573324473134611,
            0.8499012720713879
        ],
        "Recall": [
            0.7975667429443174,
            0.8264149504195271,
            0.8385736079328756,
            0.8368192219679633,
            0.781899313501144,
            0.7783447749809307,
            0.7756979405034325,
            0.7853241800152555,
            0.825354691075515
        ],
        "Precision": [
            0.8546349839529167,
            0.881120729915092,
            0.8669904592888399,
            0.8749324701245671,
            0.9130115884947045,
            0.901510715723464,
            0.9011673637252441,
            0.91808350727026,
            0.8734390670592507
        ],
        "F1": [
            0.8236210692653538,
            0.8516795929083484,
            0.8517645049082228,
            0.8540928419999891,
            0.8418462154816042,
            0.8334124591287109,
            0.8331876208085696,
            0.8461163259410169,
            0.8457515060260118
        ],
        "AUC": [
            0.852698636951547,
            0.8729554273206647,
            0.8734395250887144,
            0.8794379000431135,
            0.8939451795841208,
            0.8856637813816203,
            0.904930056710775,
            0.9003759824893045,
            0.9262378204490431
        ]
    },
    "CoF_CLT": {
        "Accuracy": [
            0.8555914182646667,
            0.8521131573951017,
            0.86431934687678,
            0.859084868046326,
            0.8673628251376495,
            0.8603797228023543,
            0.8673685209796849,
            0.8669261439149419,
            0.8699981013859881
        ],
        "Recall": [
            0.8621967963386726,
            0.8734706331045003,
            0.8429443173150266,
            0.8490007627765065,
            0.8726315789473684,
            0.8568954996186118,
            0.8656598016781082,
            0.8743173150266971,
            0.8813806254767353
        ],
        "Precision": [
            0.8555407444953957,
            0.8393176021320026,
            0.8849752973588089,
            0.8706810769958052,
            0.8664785941971168,
            0.8671716557239767,
            0.8716681602097129,
            0.8629458690056543,
            0.8633917778802207
        ],
        "F1": [
            0.8563227056524658,
            0.8552472331535474,
            0.8610142119609661,
            0.8572177481847272,
            0.8679231805861096,
            0.8598514360048684,
            0.8671477677554158,
            0.8678340631836164,
            0.8711196138439936
        ],
        "AUC": [
            0.8753105163665307,
            0.884905382549,
            0.9064255297980301,
            0.9095554007893079,
            0.904187079229264,
            0.9060390010944183,
            0.9133761814744801,
            0.9101154114018506,
            0.9098056246476304
        ]
    },
    "CoF_PL": {
        "Accuracy": [
            0.8556028099487374,
            0.8630131004366813,
            0.8560584773115625,
            0.8699962027719763,
            0.8643174482627682,
            0.8673590279096259,
            0.87435162331498,
            0.8717391304347826,
            0.8769755078792482
        ],
        "Recall": [
            0.8395575896262395,
            0.8891990846681923,
            0.8630892448512586,
            0.8918382913806253,
            0.8865903890160182,
            0.8681998474446987,
            0.8952860411899313,
            0.8970327993897789,
            0.8953470633104501
        ],
        "Precision": [
            0.8692846951534653,
            0.8468868581736484,
            0.8521131123445015,
            0.8562985226963622,
            0.8513628924983685,
            0.8712071988618305,
            0.8606744367531745,
            0.8551835484533381,
            0.8651288523036852
        ],
        "F1": [
            0.8527658189174264,
            0.8665519208224305,
            0.8564791471151013,
            0.8727205999880029,
            0.8674818887613174,
            0.8674338463065027,
            0.877157022673314,
            0.8750950171347357,
            0.8787292202490496
        ],
        "AUC": [
            0.9210240772062482,
            0.9102375219712797,
            0.9344759062116539,
            0.9190792955924785,
            0.9157121016150963,
            0.9180999237223494,
            0.9240790966073028,
            0.9223209299240539,
            0.9319857393957485
        ]
    },
    "TT": {
        "Accuracy": [
            0.8538295044617428,
            0.8507955192709323,
            0.8586329979115247,
            0.8568900702487184,
            0.8625517372318209,
            0.8638693753559901,
            0.8660413897854566,
            0.8677824188342511,
            0.8629808239984811
        ],
        "Recall": [
            0.8299313501144165,
            0.8455987795575896,
            0.8254080854309687,
            0.8315865751334858,
            0.8088024408848208,
            0.8149809305873379,
            0.8045461479786422,
            0.8508314263920672,
            0.8044851258581236
        ],
        "Precision": [
            0.8732846717731872,
            0.8557105748345333,
            0.8879881324751263,
            0.8791966170941972,
            0.9094594271130519,
            0.9083667832692844,
            0.9217628462617231,
            0.8842832743967788,
            0.9158822858301308
        ],
        "F1": [
            0.8498491845534677,
            0.8501013764000355,
            0.8532909343592034,
            0.8529282550045452,
            0.8546324664211546,
            0.8565115602129859,
            0.8570611760325176,
            0.8656329364553402,
            0.8542398939301659
        ],