{
    "RF": {
        "Accuracy": [
            0.8428027340041769,
            0.850134991456237,
            0.8578137459654454,
            0.8604765521169547,
            0.8615673058667171,
            0.8663624454148472,
            0.8648817163470668,
            0.8671963166888172,
            0.8698538067210937
        ],
        "Recall": [
            0.8063836765827611,
            0.8362082379862699,
            0.8473897787948133,
            0.8554355453852022,
            0.8561182303585049,
            0.8709801678108315,
            0.8709687261632342,
            0.8789267734553775,
            0.8869672006102212
        ],
        "Precision": [
            0.8739106946822611,
            0.8642575210877105,
            0.869120825771299,
            0.8677902554152022,
            0.8693310928644584,
            0.865439258927822,
            0.8632385934632196,
            0.8609835649178755,
            0.8592513375034857
        ],
        "F1": [
            0.8360123354359359,
            0.847400217721051,
            0.8558552305702266,
            0.8593159257610223,
            0.8601532492194399,
            0.866574919682171,
            0.8652479009066711,
            0.8683336243554362,
            0.8717719120526646
        ],
        "AUC": [
            0.9237143302490631,
            0.9296780386694523,
            0.9354169369548636,
            0.9387508937750806,
            0.9408380691805128,
            0.9418136968129207,
            0.9411818625012437,
            0.9433641561370345,
            0.9453873611249296
        ]
    },
    "DC": {
        "Accuracy": [
            0.8276176191380291,
            0.8486073666223657,
            0.851222897284982,
            0.8531008164040251,
            0.8516635655971141,
            0.8544101006265427,
            0.8552840326561612,
            0.8578997531801784,
            0.8535794569963926
        ],
        "Recall": [
            0.7504942791762013,
            0.7835484363081615,
            0.7970183066361556,
            0.7978565980167811,
            0.7857154843630816,
            0.7849336384439359,
            0.7851861174675818,
            0.7997421815408086,
            0.8179672006102212
        ],
        "Precision": [
            0.8946772568290593,
            0.9068960904696045,
            0.8979855427808079,
            0.9010940892374585,
            0.908950251697313,
            0.9140587587253524,
            0.9146481016674455,
            0.9068736275732172,
            0.8841684054766077
        ],
        "F1": [
            0.811788429864194,
            0.8366772029071818,
            0.8418231963276108,
            0.8435252920362573,
            0.8403998748216175,
            0.8430342339284991,
            0.8440174237878784,
            0.8487833516724017,
            0.8476025356505534
        ],
        "AUC": [
            0.8483202235266806,
            0.8688437866878918,
            0.8722782575531456,
            0.8800442377209563,
            0.8881493483235499,
            0.8945906078997113,
            0.9101342088681058,
            0.9124150664942128,
            0.9162374854906643
        ]
    },
    "CoF_CLT": {
        "Accuracy": [
            0.8467761534080122,
            0.8543210556293908,
            0.8581188532371369,
            0.8606540725270554,
            0.8631754319346877,
            0.8631826466679324,
            0.8675906588190619,
            0.8650985380672109,
            0.8681091703056769
        ],
        "Recall": [
            0.8267131960335622,
            0.8419138062547672,
            0.8430221205186881,
            0.8473508771929824,
            0.846626239511823,
            0.8480915331807781,
            0.8635560640732265,
            0.8589977116704806,
            0.8686948893974066
        ],
        "Precision": [
            0.8660150459858371,
            0.868568687018284,
            0.8743866714898937,
            0.8750444372037117,
            0.8795799699469177,
            0.877942056943984,
            0.8733516626217366,
            0.8729543906112027,
            0.8702218558364594
        ],
        "F1": [
            0.8430107316344309,
            0.8517216194035677,
            0.8552774347759173,
            0.8581169505885804,
            0.8602395313746829,
            0.860556279940121,
            0.8666753265921336,
            0.8638436958910928,
            0.8678438835898638
        ],
        "AUC": [
            0.8784041024110371,
            0.8858690644380326,
            0.8932097403243457,
            0.8979457201605149,
            0.9027624680794613,
            0.9048530726627533,
            0.9083758630981993,
            0.9067407223161874,
            0.9131057805193514
        ]
    },
    "CoF_PL": {
        "Accuracy": [
            0.8476544522498575,
            0.8565059806341371,
            0.8605669261439151,
            0.8649289918359596,
            0.8669747484336435,
            0.8660580975887602,
            0.8708148851338523,
            0.8708602620087336,
            0.8736966014809189
        ],
        "Recall": [
            0.8167086193745232,
            0.8430259344012205,
            0.8469801678108315,
            0.8605186880244089,
            0.8645789473684211,
            0.8636216628527841,
            0.8760411899313499,
            0.8811800152555301,
            0.8903623188405797
        ],
        "Precision": [
            0.8749625312892745,
            0.8706535082524722,
            0.8745202669719909,
            0.8721376343308211,
            0.8721689583682034,
            0.8712200867703043,
            0.8699412126519925,
            0.8658291430786287,
            0.8636859215737822
        ],
        "F1": [
            0.8417777619142359,
            0.8539165789622004,
            0.8579233423352395,
            0.8638092140798775,
            0.866041564440093,
            0.8652821033464992,
            0.8710908185647325,
            0.8718673854007365,
            0.8754411059501278
        ],
        "AUC": [
            0.9126139455443903,
            0.9151943256060756,
            0.924632895565947,
            0.9223020296487914,
            0.9234491891354093,
            0.9247457400590322,
            0.927182025005804,
            0.9270932245547707,
            0.9293369349650117
        ]
    },
    "TT": {
        "Accuracy": [
            0.8455504082020125,
            0.8529307005885703,
            0.8575509777862159,
            0.8612128346307196,
            0.861522118853237,
            0.8629610784127586,
            0.8653172584013671,
            0.8671000569584205,
            0.8649215872413137
        ],
        "Recall": [
            0.8007978642257818,
            0.8094355453852021,
            0.8185667429443175,
            0.8146521739130435,
            0.8148367658276123,
            0.815301296720061,
            0.8226407322654461,
            0.8331144164759726,
            0.8311723874904653
        ],
        "Precision": [
            0.8832908353880515,
            0.8910687342573744,
            0.8914707668748164,
            0.9019390236743504,
            0.9026387990837073,
            0.9050616416219738,
            0.9032511081363428,
            0.8980309658799852,
            0.8959280948761211
        ],
        "F1": [
            0.8372334970565973,
            0.8454338949172333,
            0.8510073586112533,
            0.8537921630080332,
            0.8540247501170105,
            0.8555350730554891,
            0.858787159622835,
            0.8619140880406752,
            0.8593463149271168
        ],