{
    "RF": {
        "Accuracy": [
            0.8416328080501234,
            0.849054490222138,
            0.8547294475033226,
            0.8586557812796659,
            0.8603930131004367,
            0.8765331308145055,
            0.8621435352192899,
            0.8678127966584392,
            0.8708885513575091
        ],
        "Recall": [
            0.8070938215102974,
            0.8576811594202898,
            0.8621739130434782,
            0.8638825324180015,
            0.8690999237223493,
            0.9013958810068651,
            0.8647749809305874,
            0.887528604118993,
            0.89186117467582
        ],
        "Precision": [
            0.8719544981340496,
            0.8455374659460986,
            0.8520990222487912,
            0.8589017704618858,
            0.8579376867597175,
            0.8590862613415726,
            0.8630340076543433,
            0.8566690052439985,
            0.8566191571216473
        ],
        "F1": [
            0.835752024182727,
            0.8502127901798552,
            0.8554833433145731,
            0.859280631139284,
            0.8612120278649105,
            0.879563296380576,
            0.8620884445150278,
            0.8701335791529964,
            0.8736966398242336
        ],
        "AUC": [
            0.9199681955360992,
            0.9308013133021591,
            0.9355404437369416,
            0.9397622127151527,
            0.9413269658077141,
            0.9468944052001458,
            0.9427173747222499,
            0.9441985540410572,
            0.9462597419825556
        ]
    },
    "DC": {
        "Accuracy": [
            0.8254547180558193,
            0.8599449401936587,
            0.852965635086387,
            0.8446648946269224,
            0.8472944750332256,
            0.8498955762293525,
            0.8573362445414846,
            0.8586481868236188,
            0.8499259540535409
        ],
        "Recall": [
            0.7469488939740656,
            0.8289473684210525,
            0.801060259344012,
            0.7715102974828375,
            0.7731884057971014,
            0.7968115942028986,
            0.7924180015255529,
            0.8150877192982456,
            0.824744469870328
        ],
        "Precision": [
            0.8957738664794312,
            0.886913268173377,
            0.9003696739948671,
            0.9078432926175907,
            0.910837446487523,
            0.8955887279472725,
            0.9123058142353481,
            0.8962114632146203,
            0.8733512719384582
        ],
        "F1": [
            0.809234636574901,
            0.855263848448842,
            0.8437151321623565,
            0.831597126042853,
            0.8346892996872335,
            0.8407490553847907,
            0.8471668555193486,
            0.8520145856938978,
            0.8457360517123327
        ],
        "AUC": [
            0.8422782476038868,
            0.8715045600769411,
            0.8741541803468975,
            0.8769157961065235,
            0.8937536895167975,
            0.8956382449507514,
            0.9174183000033164,
            0.9128623354226775,
            0.9190664942128478
        ]
    },
    "CoF_CLT": {
        "Accuracy": [
            0.8346610973988989,
            0.8547180558192521,
            0.8582115056009114,
            0.8529656350863869,
            0.8621454338333017,
            0.8612720713878869,
            0.8630187962787165,
            0.8586481868236188,
            0.8656407822289728
        ],
        "Recall": [
            0.8245385202135773,
            0.8507856598016781,
            0.8718230358504957,
            0.8385888634630053,
            0.8595118230358505,
            0.8543249427917619,
            0.8595270785659801,
            0.84813882532418,
            0.8577879481311976
        ],
        "Precision": [
            0.8477003370165933,
            0.863645299603357,
            0.8524340962264503,
            0.8693885648029674,
            0.8679664535983797,
            0.8704519230214854,
            0.8686281300697841,
            0.8717302448210986,
            0.8748178534594416
        ],
        "F1": [
            0.8320811834028319,
            0.853804765342573,
            0.8593303623258409,
            0.8501539101106055,
            0.8613394910749121,
            0.859672401718029,
            0.8621584216492139,
            0.8570537518820286,
            0.8643789359308908
        ],
        "AUC": [
            0.8652043909395417,
            0.8862947302092661,
            0.8916948230690147,
            0.8857548502636554,
            0.9003217590289523,
            0.8963549232248866,
            0.9016331708287734,
            0.8998333167512355,
            0.9027593605943025
        ]
    },
    "CoF_PL": {
        "Accuracy": [
            0.8494892728308336,
            0.8617068539965824,
            0.8656255933168786,
            0.8621397379912663,
            0.8669299411429655,
            0.8660603759255743,
            0.8686842604898424,
            0.8743630149990507,
            0.867814695272451
        ],
        "Recall": [
            0.8245080091533179,
            0.8751945080091532,
            0.8770861937452328,
            0.8752326468344774,
            0.8778337147215864,
            0.869115179252479,
            0.8726163234172386,
            0.8936460717009915,
            0.8762242562929062
        ],
        "Precision": [
            0.8727240304564277,
            0.8546819736001433,
            0.861292831219427,
            0.856423696247177,
            0.8626355687997276,
            0.8672347948928703,
            0.8687795100842088,
            0.8626181063242988,
            0.8653604067667754
        ],
        "F1": [
            0.8452655724016218,
            0.8638320015983911,
            0.8665433275954293,
            0.8636099180971254,
            0.8681059082237572,
            0.8659442469716314,
            0.868868462376826,
            0.8765105728187835,
            0.8682511367254222
        ],
        "AUC": [
            0.9224833018273472,
            0.9262362285676385,
            0.9204312340397308,
            0.928824030776374,
            0.9266199383145954,
            0.9071540476901138,
            0.9233166517427787,
            0.9263958478426689,
            0.9339273040825125
        ]
    },
    "TT": {
        "Accuracy": [
            0.8381336624264286,
            0.8512246060375925,
            0.8586348965255363,
            0.8582020125308525,
            0.8638845642680844,
            0.8638636795139547,
            0.8612625783178279,
            0.8712929561420163,
            0.8625650275299032
        ],
        "Recall": [
            0.8028680396643784,
            0.8228299008390543,
            0.8377726926010679,
            0.8168344774980932,
            0.818512585812357,
            0.820320366132723,
            0.817673531655225,
            0.8150495804729216,
            0.8377650648360031
        ],
        "Precision": [
            0.8669931979467093,
            0.8781103920097426,
            0.8782452850555437,
            0.8968115125860299,
            0.9058338176816966,
            0.903998268279081,
            0.9016673727201583,
            0.9208130631347705,
            0.886839190538924
        ],
        "F1": [
            0.8322318017450107,
            0.84618418992703,
            0.855187668747608,
            0.8515398363209854,
            0.8568092579406219,
            0.8567417726610456,
            0.8546366242008379,
            0.8632282686298085,
            0.8584374265381003
        ],