{
    "RF": {
        "Accuracy": [
            0.832889690525916,
            0.8424890829694324,
            0.856876779950636,
            0.8577577368520981,
            0.8629960129105754,
            0.867349534839567,
            0.8691000569584203,
            0.8682304917410291,
            0.8721625213594077
        ],
        "Recall": [
            0.7720747520976354,
            0.8115179252479023,
            0.8175972540045766,
            0.8350038138825326,
            0.8743554538520213,
            0.8525324180015253,
            0.8602974828375286,
            0.8830739893211289,
            0.8856903127383676
        ],
        "Precision": [
            0.8812621329380879,
            0.8680033066310584,
            0.8896179540552482,
            0.8760179203881163,
            0.8558469914149407,
            0.8823951315953897,
            0.8796921692581868,
            0.8594712769618894,
            0.8639151493052772
        ],
        "F1": [
            0.8207286824539244,
            0.8375337388861606,
            0.8508620983255126,
            0.8536609799985978,
            0.864299885070866,
            0.8645998167404929,
            0.8667108897440332,
            0.8699212351934802,
            0.8735610410862551
        ],
        "AUC": [
            0.9235325506583092,
            0.9224977945809704,
            0.9324723576426891,
            0.9345280734918582,
            0.9369967830729943,
            0.9421604483799291,
            0.9406223924650947,
            0.9429269061121615,
            0.9425368951679767
        ]
    },
    "DC": {
        "Accuracy": [
            0.8285095880007594,
            0.8381108790582875,
            0.8525213594076325,
            0.8512189101955572,
            0.8512075185114865,
            0.8538333016897666,
            0.8573210556293906,
            0.8555762293525726,
            0.8546952724511107
        ],
        "Recall": [
            0.7503051106025934,
            0.772326468344775,
            0.7826468344774982,
            0.7836918382913807,
            0.792372234935164,
            0.7844774980930587,
            0.7984363081617087,
            0.8105873379099926,
            0.8009763539282991
        ],
        "Precision": [
            0.8923391921425189,
            0.8974380904074483,
            0.9127755744964094,
            0.9093622424271224,
            0.9047376760155886,
            0.9112116920096266,
            0.9065012500277874,
            0.8930108104917386,
            0.8975962931407503
        ],
        "F1": [
            0.8137669812541874,
            0.8244537637991846,
            0.8405209014136545,
            0.840265838899057,
            0.8408595361981815,
            0.8426765825995819,
            0.8482305439615324,
            0.8483695210718745,
            0.8461942160650795
        ],
        "AUC": [
            0.8491764335223693,
            0.8636153948197525,
            0.8692997380028521,
            0.8836892183199018,
            0.8887659602692931,
            0.8949326435180579,
            0.9107452326468344,
            0.9032804696050143,
            0.9110009949258782
        ]
    },
    "CoF_CLT": {
        "Accuracy": [
            0.8516574900322764,
            0.8481659388646288,
            0.8560110119612683,
            0.861687867856465,
            0.8603645338902602,
            0.8669242453009302,
            0.8721663185874313,
            0.8717239415226883,
            0.8725973039681033
        ],
        "Recall": [
            0.8454919908466818,
            0.8080472921434019,
            0.8385049580472922,
            0.8247215865751334,
            0.8560564454614799,
            0.8516247139588101,
            0.8681922196796338,
            0.8690922959572844,
            0.8602745995423341
        ],
        "Precision": [
            0.8585396015913214,
            0.882094477530398,
            0.8708820750831363,
            0.896525034796871,
            0.8666336257314942,
            0.8805060615511726,
            0.87878605541107,
            0.8764235100038121,
            0.8835884986308707
        ],
        "F1": [
            0.8499521352999247,
            0.8413961470673149,
            0.8527125878910843,
            0.8556540139648472,
            0.8595712938354818,
            0.8647333290570716,
            0.8710107945056699,
            0.8709153730067392,
            0.8703304559497621
        ],
        "AUC": [
            0.8789496899147681,
            0.8791226080323682,
            0.8880284548801114,
            0.9052462109906145,
            0.8984452956588068,
            0.9046984379663716,
            0.910256491891354,
            0.9054091466852385,
            0.9178609756906443
        ]
    },
    "CoF_PL": {
        "Accuracy": [
            0.8420543003607367,
            0.84815644579457,
            0.8612473894057338,
            0.8664856654642111,
            0.8603721283463072,
            0.8656161002468199,
            0.8695329409531045,
            0.8769622175811657,
            0.8804537687488134
        ],
        "Recall": [
            0.7991456903127383,
            0.8167353165522501,
            0.8254614797864226,
            0.8394431731502671,
            0.8603966437833714,
            0.854233409610984,
            0.844645308924485,
            0.8804347826086956,
            0.908329519450801
        ],
        "Precision": [
            0.8771887576522669,
            0.8746395778931421,
            0.8917776632373776,
            0.8898183136355197,
            0.8644517567233096,
            0.8769248123101608,
            0.892111974147072,
            0.877237656921827,
            0.8609669506407751
        ],
        "F1": [
            0.8334552228481169,
            0.8431926273822091,
            0.8556347205239803,
            0.862329616299086,
            0.8597131546849809,
            0.8630687298745316,
            0.8652016311416284,
            0.8768463766531942,
            0.8835070215820824
        ],
        "AUC": [
            0.9091287102444202,
            0.9111099724737173,
            0.92559257785295,
            0.9206894173050774,
            0.9238190893111795,
            0.9292865054886745,
            0.9403092229628893,
            0.9286976751898649,
            0.9294583291878089
        ]
    },
    "TT": {
        "Accuracy": [
            0.8451110689196886,
            0.8520789823428897,
            0.8542585912284032,
            0.8621131573951015,
            0.8590658819062085,
            0.8664837668501993,
            0.8590677805202203,
            0.8664837668501993,
            0.8643022593506741
        ],
        "Recall": [
            0.780839054157132,
            0.7983905415713196,
            0.7966361556064073,
            0.8193363844393591,
            0.8071395881006864,
            0.8019221967963386,
            0.8001296720061022,
            0.8228909229595727,
            0.8375819984744469
        ],
        "Precision": [
            0.9011806180189493,
            0.8970983843043836,
            0.9018659485788506,
            0.8977963146049136,
            0.9044970534271206,
            0.9222911452403849,
            0.9092657755948439,
            0.9052549667223644,
            0.8885412053638977
        ],
        "F1": [
            0.8318615479934607,
            0.8430717232312241,
            0.8448643686803834,
            0.8553820712625566,
            0.8505689833896145,
            0.8568965446714424,
            0.8496965016639708,
            0.8592366377311647,
            0.8592044674621084
        ],