{
    "RF": {
        "Accuracy": [
            0.8446743876969812,
            0.8590791722042909,
            0.8599468388076703,
            0.8595101575849631,
            0.8651984051642302,
            0.870854376305297,
            0.8669451300550598,
            0.8673761154357319,
            0.8647465350294284
        ],
        "Recall": [
            0.825484363081617,
            0.825537757437071,
            0.8559496567505722,
            0.8542181540808542,
            0.8664225781845918,
            0.8961327231121281,
            0.8857360793287568,
            0.8926926010678871,
            0.8944164759725399
        ],
        "Precision": [
            0.8599723797649027,
            0.8888952425121156,
            0.8658768074986753,
            0.867580846735725,
            0.8669015434558442,
            0.8530436719941287,
            0.8548248876500691,
            0.8498334386111612,
            0.8447390721962835
        ],
        "F1": [
            0.841607594201753,
            0.8540767771003426,
            0.858611659789241,
            0.8583520521482898,
            0.8640226497424701,
            0.8739248638604101,
            0.8693844475851472,
            0.870476719108191,
            0.8685891622743931
        ],
        "AUC": [
            0.927035187211886,
            0.933125791795178,
            0.9377605213411602,
            0.9416290253042817,
            0.9416281961993832,
            0.9452991078831294,
            0.9422360959108547,
            0.940275594468212,
            0.9449305541737141
        ]
    },
    "DC": {
        "Accuracy": [
            0.8224188342509967,
            0.8525270552496677,
            0.8464173153597873,
            0.8621321435352194,
            0.8612530852477693,
            0.8577843174482627,
            0.8564590848680463,
            0.857765331308145,
            0.8595196506550218
        ],
        "Recall": [
            0.7453546910755149,
            0.7818535469107553,
            0.7914492753623188,
            0.8193974065598779,
            0.7949580472921434,
            0.7949122807017545,
            0.8001983218916857,
            0.8036460717009917,
            0.8253775743707094
        ],
        "Precision": [
            0.8850355213967538,
            0.9160602846958732,
            0.8914526534625749,
            0.8986558079288575,
            0.9230698869690379,
            0.912955429770814,
            0.9040351949085077,
            0.9024181628872536,
            0.8872673776333941
        ],
        "F1": [
            0.8060364053861007,
            0.8398828241133305,
            0.8361293322092317,
            0.8548524564592043,
            0.8501620327397482,
            0.8474331117308109,
            0.846724179764597,
            0.8495538496511109,
            0.8535256964918346
        ],
        "AUC": [
            0.8427967698073161,
            0.8737544191291082,
            0.8692809670679533,
            0.884323417238749,
            0.8890659304215172,
            0.9027477199615296,
            0.9131716910423506,
            0.9148173979371871,
            0.917494478161377
        ]
    },
    "CoF_CLT": {
        "Accuracy": [
            0.8481621416366053,
            0.8551433453578887,
            0.8603854186443896,
            0.8625802164419973,
            0.8660546800835391,
            0.8730491741029051,
            0.8743611163850389,
            0.8734782608695651,
            0.8665027529903172
        ],
        "Recall": [
            0.8081693363844394,
            0.8342791762013728,
            0.8342410373760488,
            0.8490846681922198,
            0.8342181540808543,
            0.8794965675057208,
            0.8900533943554538,
            0.8744317315026697,
            0.8604576659038902
        ],
        "Precision": [
            0.8840024942450894,
            0.876721096606507,
            0.8849287244461779,
            0.8781134883578663,
            0.8947986568789323,
            0.8702015549386036,
            0.8631918812641584,
            0.8752680969420956,
            0.8733539607279148
        ],
        "F1": [
            0.8413502353046267,
            0.8508909020369352,
            0.8562703585995453,
            0.859528909148106,
            0.8603094567080367,
            0.8728181639456081,
            0.8762699762061372,
            0.8734598546312455,
            0.865181262787927
        ],
        "AUC": [
            0.8926745929094949,
            0.8842023015951979,
            0.8997798892315856,
            0.904016018306636,
            0.906267137598249,
            0.9096873611249295,
            0.911879779789739,
            0.9058837594932511,
            0.9111436341325906
        ]
    },
    "CoF_PL": {
        "Accuracy": [
            0.8468710841086006,
            0.8573362445414847,
            0.8625612303018796,
            0.8699962027719765,
            0.8743668122270742,
            0.8747940003797229,
            0.8713062464400988,
            0.8782760584773117,
            0.8791627112208088
        ],
        "Recall": [
            0.8342486651411136,
            0.8447826086956521,
            0.8490541571319603,
            0.8743096872616322,
            0.8716628527841342,
            0.8996491228070174,
            0.890938215102975,
            0.9005034324942791,
            0.9031426392067123
        ],
        "Precision": [
            0.8589963895481076,
            0.8703100992443478,
            0.8764625427940478,
            0.86940585662813,
            0.8793922511170795,
            0.8571376270601796,
            0.8582755271066634,
            0.8625518530274446,
            0.8619959559982362
        ],
        "F1": [
            0.8446938879216018,
            0.8552651952678035,
            0.860017226797887,
            0.869796208493429,
            0.8729922044930392,
            0.8777652206446124,
            0.8738880340319046,
            0.8809491934381825,
            0.8820436124650783
        ],
        "AUC": [
            0.9143734951746094,
            0.9183330680197658,
            0.9299682287002952,
            0.9155620336284945,
            0.9314965011773291,
            0.9263856995987132,
            0.918668590190031,
            0.9298911882731403,
            0.9318270155540078
        ]
    },
    "TT": {
        "Accuracy": [
            0.8433738370989179,
            0.8520960698689957,
            0.859943041579647,
            0.8682418834250998,
            0.8590658819062085,
            0.859084868046326,
            0.8673685209796848,
            0.8699772166318587,
            0.8651870134801595
        ],
        "Recall": [
            0.8124103737604882,
            0.7870938215102974,
            0.8246910755148742,
            0.840327993897788,
            0.809771167048055,
            0.8255072463768116,
            0.8411670480549199,
            0.8228604118993135,
            0.8280701754385964
        ],
        "Precision": [
            0.8679952735319635,
            0.9095479239978458,
            0.8905057815328151,
            0.8944594680468377,
            0.901595203193431,
            0.8877556744578149,
            0.8898698998843516,
            0.912764346140633,
            0.8990874385464975
        ],
        "F1": [
            0.8376866587341125,
            0.8406622883219244,
            0.8540403404282951,
            0.863325655376903,
            0.8511034522228791,
            0.8532163551111935,
            0.8634526304535297,
            0.8626619256807903,
            0.8590313638838003
        ],